gdx_weight,entry_threshold,lookback,train_cumulative,train_sharpe,train_annual,train_round_trips_per_day,test_cumulative,test_sharpe,test_annual,test_round_trips_per_day
2.0,0.2,30,3.9471506173124222,1.9426486887492975,0.19901337256898738,51.64663461538461,0.568497403791064,1.66645496665482,0.15435311214650677,51.347883597883595
2.0,0.3,30,4.013548235051115,1.9589742877788048,0.2006278123320068,51.379326923076924,0.5560229759891187,1.6402219119872938,0.1516776457937566,51.11772486772487
2.0,0.4,30,4.130377704358309,1.9892722809621712,0.2034037999068214,51.166346153846156,0.5636601822138292,1.688188602900519,0.15315243795539518,50.914021164021165
2.0,0.5,30,4.123748623021625,1.9864609248680023,0.20325445211605425,50.96682692307692,0.5149526049538831,1.6031217600421648,0.1424333931698645,50.65873015873016
2.0,0.7,30,3.9196092580355595,1.965364379182405,0.1981747536439996,50.53125,0.5756385386529761,1.7333381422568452,0.15561362803355264,50.33862433862434
2.0,1.0,30,4.15654910943861,2.040666627097188,0.20377870985662982,49.82548076923077,0.5833307391297065,1.8159116703897702,0.156943818799437,49.89153439153439
2.0,1.25,30,4.526915955315674,2.162533297926418,0.21200807216554451,49.29326923076923,0.5294356845168888,1.7468858149029602,0.1451135283856969,49.432539682539684
2.0,1.5,30,4.718177446185096,2.2354486268606073,0.2159970320745797,48.78317307692308,0.5301122888281113,1.740823567826411,0.14529400065711254,49.01851851851852
2.0,2.0,30,4.519542766349413,2.258831258511373,0.2114217481005119,47.73269230769231,0.5319650939895024,1.7678678155014882,0.14560587981865258,48.33862433862434
2.0,2.5,30,4.275292762064689,2.2486120364443667,0.20573965481308382,46.75961538461539,0.4131736343456509,1.4872573943078016,0.11847006044435415,47.560846560846564
2.5,0.2,30,3.563280341857456,1.851807528660546,0.18919006622158477,51.36730769230769,0.5778867473896396,1.6866990912661834,0.15634746141470693,51.267195767195766
2.5,0.3,30,3.6337382128858993,1.8855892953596356,0.19095713134410502,51.10336538461539,0.630707722597581,1.7819290018587246,0.16744442944964202,51.03703703703704
2.5,0.4,30,3.7543316348282554,1.9255754042506792,0.19402029971115553,50.802403846153844,0.691218832703385,1.9190118153115094,0.17955991758021211,50.801587301587304
2.5,0.5,30,3.7595961407603147,1.9430838262937258,0.19406575979079332,50.50048076923077,0.689990681438498,1.921415625471134,0.17929341807578883,50.592592592592595
2.5,0.7,30,3.7783022263886936,1.9629537259317835,0.19446096127040854,49.93221153846154,0.6940512687374121,1.9132875975072845,0.18017048827261442,50.15079365079365
2.5,1.0,30,4.324681542287348,2.1367245605812686,0.2073912432283913,49.10192307692308,0.6702911047645081,1.932757945778308,0.17513332388933686,49.55952380952381
2.5,1.25,30,4.64234599449598,2.2383613728495915,0.21428944426062912,48.47596153846154,0.6394158739098925,1.8824771378832386,0.16882442176979506,49.035714285714285
2.5,1.5,30,4.617421178910147,2.244471312009279,0.2137017041731733,47.86105769230769,0.5586944840663024,1.7516354392540248,0.1517160483847057,48.49338624338624
2.5,2.0,30,4.9924697903274895,2.4360828187541608,0.22112559924049535,46.60240384615385,0.49191822953211406,1.638481767852085,0.1368595229646613,47.79761904761905
2.5,2.5,30,4.481365823017029,2.3519453463685758,0.21019005466654317,45.31442307692308,0.4877955787219317,1.6856569392223346,0.1356936706842146,46.91534391534392
3.0,0.2,30,3.6466570938338414,1.8455819494250625,0.1915480816605511,50.471634615384616,0.5723249905666776,1.6952976777574957,0.15505823741956282,50.34920634920635
3.0,0.3,30,3.639048734989191,1.8657787496734182,0.19121564195492757,50.07115384615385,0.6128702616913633,1.7852345025380683,0.16355944153834281,50.11904761904762
3.0,0.4,30,3.8843088595798605,1.9461020781570193,0.19735143143464168,49.75,0.6311122975265036,1.8395464366618806,0.16724731233471613,49.97222222222222
3.0,0.5,30,4.123142735785783,2.0148942035907638,0.2030766105164616,49.410576923076924,0.6623926530499442,1.91796340434431,0.1735435941303702,49.695767195767196
3.0,0.7,30,4.230851283225732,2.0623522926851816,0.20548340798491493,48.739903846153844,0.6650237259766869,1.9559367747719185,0.17392863773465128,49.10582010582011
3.0,1.0,30,4.49587406613825,2.155983489767802,0.21131556906968382,47.76730769230769,0.6868983798787862,2.058444836714204,0.17807123834040364,48.53174603174603
3.0,1.25,30,4.247591056436994,2.143256144722474,0.20550646230612665,47.01730769230769,0.628703575389969,1.9771443036884995,0.1661519711303885,47.95899470899471
3.0,1.5,30,4.372529575891387,2.222256092338478,0.20815104015968872,46.28701923076923,0.6556841602613885,2.071230311784957,0.17153350700231096,47.414021164021165
3.0,2.0,30,3.8841729005704515,2.183086379043717,0.1962530724064081,44.80721153846154,0.6421168799273034,2.1388596107516094,0.16846855998556448,46.370370370370374
3.0,2.5,30,4.154049228014714,2.3232896336327133,0.20253201900546397,43.36923076923077,0.6475759605331346,2.2009215852961903,0.16943690279929685,45.38095238095238
3.5,0.2,30,3.5698080809421215,1.8381365696871936,0.18945142136353715,49.73317307692308,0.5974351105536893,1.7649175127557697,0.1602845745038888,50.20634920634921
3.5,0.3,30,3.607774157584821,1.867792358318528,0.19033555587017253,49.29519230769231,0.6194257486377652,1.8230448754998108,0.1648051103423217,49.91534391534392
3.5,0.4,30,3.5853840712619203,1.8694050567633145,0.189702227190086,48.886057692307695,0.634468702948201,1.8255256149022947,0.16804038638183175,49.72089947089947
3.5,0.5,30,3.48546715162089,1.8530580398466268,0.1869726091193457,48.520192307692305,0.6507250233961062,1.883276775062682,0.17123348034200211,49.285714285714285
3.5,0.7,30,3.522214418534415,1.9096567995424785,0.18770136986623687,47.721634615384616,0.6471510754439376,1.9450367290478192,0.1702079237796849,48.675925925925924
3.5,1.0,30,3.4574853997832395,1.9218520055800992,0.1857993529371859,46.59375,0.5042865072376497,1.6128462224673976,0.13987014221188393,47.883597883597886
3.5,1.25,30,3.7576163434400947,2.06604775675299,0.1934073252368886,45.697596153846156,0.45318713896172413,1.5382183030073813,0.12806278561101486,47.317460317460316
3.5,1.5,30,3.593317455893817,2.076912546376628,0.18890254059688555,44.81153846153846,0.4412622313150767,1.5725525993638063,0.1250148456060188,46.56613756613756
3.5,2.0,30,3.656260398915715,2.186261993261658,0.19020333017640897,43.09326923076923,0.5154936922597309,1.8359903681160972,0.14157688838018814,45.26058201058201
3.5,2.5,30,3.744213136444486,2.328699143161872,0.1920915367315959,41.43701923076923,0.5461341611925103,1.9930863023027228,0.1480413609308301,43.94179894179894
4.0,0.2,30,3.5453018573109825,1.8463340069632896,0.1887110660106851,48.84423076923077,0.6276128578087141,1.7935143517564882,0.16671717998953928,49.42989417989418
4.0,0.3,30,3.7171606753767907,1.893312054540386,0.19319477035918428,48.371153846153845,0.5736871315185621,1.6686591706991054,0.15550830077236782,49.076719576719576
4.0,0.4,30,3.6129889496896883,1.879428583558589,0.19041345791163658,47.91298076923077,0.5654537080674749,1.647940392355539,0.1537706263737484,48.72089947089947
4.0,0.5,30,3.5629062304411896,1.8760182287305072,0.1890340752530584,47.488461538461536,0.5661885935430924,1.7016522127665346,0.15364271225445109,48.414021164021165
4.0,0.7,30,3.480592409037877,1.8917317237221254,0.18661519564814433,46.56009615384615,0.4498324554933013,1.4439375458360901,0.12773429322847726,47.80291005291005
4.0,1.0,30,3.3605143116968392,1.9219133323115989,0.18299116664622775,45.347596153846155,0.3604354395512235,1.2783891711456332,0.10604558956827455,46.948412698412696
4.0,1.25,30,3.6282055992936737,2.0791501694321854,0.18985307525323447,44.29375,0.3613802812664344,1.3396484176583514,0.10597057214405872,46.25661375661376
4.0,1.5,30,3.3047016207930824,2.0573312842865525,0.18076089048568095,43.29759615384615,0.3191310470732951,1.2298402251047913,0.09533467701910352,45.439153439153436
4.0,2.0,30,3.358652194269407,2.2043337570243655,0.1818132423718946,41.38798076923077,0.3722454867667193,1.433835562721247,0.10835094690197375,44.0462962962963
4.0,2.5,30,3.344399108848404,2.3303378872814866,0.18103547678820767,39.457692307692305,0.39814105383238285,1.6014248411356504,0.11427718022035235,42.654761904761905
2.0,0.2,60,4.853256365041257,2.141614156153586,0.2194016243890362,36.40769230769231,0.622678486273939,1.8337639588592831,0.16547006911701964,36.07010582010582
2.0,0.3,60,4.915270509817966,2.1459461349970113,0.22072209875596405,36.041826923076925,0.6727964334754333,1.9238356989345067,0.17571340409720776,35.83730158730159
2.0,0.4,60,4.611182394870293,2.0947580859991985,0.21426439688983828,35.69278846153846,0.7154350231925131,2.027668063459641,0.1840557563221272,35.56878306878307
2.0,0.5,60,4.503597543432459,2.0983222280666576,0.21177970728676038,35.35240384615385,0.739474229028485,2.078544989401889,0.18869961402462737,35.317460317460316
2.0,0.7,60,4.461732491825598,2.112678445210207,0.21073464075783008,34.69278846153846,0.7152946505880615,2.1038032591462335,0.1837272306552191,34.883597883597886
2.0,1.0,60,5.243218514719864,2.3067598019035676,0.22680669576025175,33.72451923076923,0.7667979947652093,2.257283420182816,0.19345359814037016,34.166666666666664
2.0,1.25,60,4.979194509794371,2.2954279676945233,0.22138484180897247,32.9875,0.8058542138373972,2.350546571118612,0.20071682379746886,33.601851851851855
2.0,1.5,60,4.512544692373992,2.228753697253513,0.211380774451149,32.21971153846154,0.7711774135037144,2.356192250764117,0.19399505212579893,33.01851851851852
2.0,2.0,60,3.6344465841685327,2.091443996183232,0.1899746795582482,30.825,0.6368820885133146,2.1089315332248937,0.16745949014954062,31.923280423280424
2.0,2.5,60,3.885313036639662,2.238780995577154,0.19607726945675458,29.58125,0.680253832156466,2.2603469353942764,0.1760589603916052,31.003968253968253
2.5,0.2,60,5.530179195547741,2.28067682336166,0.23262389291788765,36.07451923076923,1.1653561303850752,2.691146351886837,0.26237473060502897,36.07539682539682
2.5,0.3,60,5.332934322866634,2.2752930998275045,0.22875813209996312,35.590865384615384,1.1581565670219818,2.700232971309976,0.2611910173972119,35.72486772486773
2.5,0.4,60,5.051367168402155,2.2359645056091595,0.22317124437639418,35.146153846153844,1.117459049718597,2.6830604652924377,0.2546711774297928,35.51190476190476
2.5,0.5,60,4.782411297571102,2.2054513731266963,0.21754371453836852,34.69519230769231,1.0754838369595046,2.714476782475825,0.24765447418362554,35.242063492063494
2.5,0.7,60,4.7098855596874785,2.195732100324285,0.21598574527404463,33.85865384615385,1.0148841290528914,2.596540456911546,0.23779870172720063,34.673280423280424
2.5,1.0,60,4.285240562155868,2.1735831598119963,0.20628126517923792,32.761538461538464,1.0538538762611318,2.7483135151246083,0.24393321970124454,33.804232804232804
2.5,1.25,60,4.146736558114494,2.184235634242934,0.2028721868535624,31.82451923076923,1.0212128667308376,2.7501135567557746,0.2384088207654177,33.23809523809524
2.5,1.5,60,3.7065094242073746,2.1013275008247487,0.1918885954527743,30.95673076923077,1.0113769590392283,2.770450501541096,0.23667426947324843,32.607142857142854
2.5,2.0,60,4.027103131537559,2.28070760255493,0.19953634472704074,29.438942307692308,1.0500814856351481,2.921252320679969,0.2428385177247416,31.576719576719576
2.5,2.5,60,3.5352666233357963,2.2598310275059594,0.18663942407960749,27.984134615384615,0.9379041958758216,2.862922252955851,0.22366721607755408,30.42989417989418
3.0,0.2,60,4.472290530832624,2.0604681667566855,0.2112455351248076,35.35721153846154,1.3683263421232144,3.042763949703686,0.29213921169947304,35.43650793650794
3.0,0.3,60,4.408854585833839,2.0690736208568246,0.2097125822604743,34.75,1.3757912519889115,3.08291619832875,0.29310177267883947,35.00132275132275
3.0,0.4,60,4.332228248037403,2.0715249600550676,0.20788443953948316,34.260096153846156,1.3829519125250989,3.136175231998622,0.29398151759055124,34.68121693121693
3.0,0.5,60,4.036184377932918,2.0231788820417225,0.2008516986828383,33.760096153846156,1.3373573808725752,3.1506107684335363,0.28730043554219376,34.36243386243386
3.0,0.7,60,3.635978934327735,1.9534688155824187,0.1906506032224743,32.92163461538462,1.2879059594820297,3.0790435676693417,0.28013812480387745,33.63492063492063
3.0,1.0,60,3.5613274756054727,2.012248309452852,0.1882955088580961,31.597115384615385,1.1696438653118313,2.9575760690597095,0.26221939981718717,32.65343915343915
3.0,1.25,60,3.664334401721038,2.102648943062131,0.19074067116810894,30.567307692307693,1.0607981128044273,2.8683645928258263,0.2447598235714553,31.943121693121693
3.0,1.5,60,3.5424712435323853,2.099342780316364,0.18740277403916913,29.70673076923077,1.0812057703251172,2.960958008780434,0.24791582915278404,31.305555555555557
3.0,2.0,60,3.448464378290236,2.2089633623421587,0.1843678798391658,27.94471153846154,1.1054301428246585,3.309889560556598,0.25116000982202613,29.996031746031747
3.0,2.5,60,2.944803442361331,2.196431967535926,0.16928877605754644,26.21826923076923,1.0148536296283863,3.3538780627311535,0.2360909865926958,28.753968253968253
3.5,0.2,60,3.9324973728524952,1.9136367049478522,0.1987946930102703,34.660096153846155,1.2117933393567135,2.8519712940369786,0.26916814046102777,34.948412698412696
3.5,0.3,60,3.8234574186026435,1.9188291222723193,0.19590112513865304,34.042307692307695,1.193702960791367,2.820443816522985,0.2664387595754017,34.55952380952381
3.5,0.4,60,3.936858975405875,1.9801236044690496,0.19853379121792106,33.46346153846154,1.156570828138337,2.8277831059666423,0.26052442088592004,34.20899470899471
3.5,0.5,60,3.7379445570172294,1.9525781933990933,0.1934296557357169,32.947596153846156,1.0794247572249605,2.7773207866931395,0.2481202900151137,33.7473544973545
3.5,0.7,60,3.254937238770383,1.8614061678184735,0.1801719684388282,31.81875,1.014566550529055,2.755406092066619,0.23726071437820834,32.8505291005291
3.5,1.0,60,2.9546015455648287,1.8454231090303739,0.17090125023959202,30.310096153846153,0.8951773131746137,2.549737944002792,0.21678855299120198,31.75925925925926
3.5,1.25,60,3.2477417817742626,2.0212050842738836,0.17921631221655426,29.240384615384617,0.9945979267184508,2.825141872773385,0.23365321319773247,30.771164021164022
3.5,1.5,60,3.3007753199779497,2.0711924929882426,0.18059073669597747,28.14903846153846,1.0250152691501344,3.0701088715846194,0.23830278713118677,30.08862433862434
3.5,2.0,60,3.2917149948770117,2.2941732683675466,0.17960054015202853,26.232211538461538,0.9254743267096994,3.2150003744193,0.22083607754799317,28.66931216931217
3.5,2.5,60,3.250850612186605,2.404014873288947,0.17812261943973098,24.416826923076922,0.6943952628056045,2.7053629022035333,0.17799443493613212,27.302910052910054
4.0,0.2,60,3.4467694562883677,1.817123449060214,0.18607348962402273,33.93557692307692,0.7072259756552604,1.9688401414745083,0.1826364684179755,34.07804232804233
4.0,0.3,60,3.359316950007422,1.8281131344933554,0.18345963594005749,33.221634615384616,0.7783016724807423,2.1715545463293395,0.19601174613478933,33.5568783068783
4.0,0.4,60,3.2077933989543697,1.7975166186454659,0.17910065472229802,32.55480769230769,0.7861645286315058,2.2491151761183295,0.19725942095761145,33.164021164021165
4.0,0.5,60,3.1305390140675042,1.7947892420899763,0.17673922211367818,31.951442307692307,0.7743614087523008,2.254185433736869,0.19493751640284201,32.72883597883598
4.0,0.7,60,2.982011126322748,1.8105399209348332,0.17196032109062678,30.705288461538462,0.7285041599062112,2.2003158024785874,0.18604142077418023,31.849206349206348
4.0,1.0,60,2.736021753743271,1.8273769303890985,0.16373702816977798,29.079807692307693,0.8115867663793237,2.4256258005576146,0.20158016084400654,30.66931216931217
4.0,1.25,60,2.8614735226391153,1.9191908733717593,0.1675378144895833,27.860576923076923,0.8072419900668006,2.5792038048296555,0.20034927154230042,29.664021164021165
4.0,1.5,60,3.0626259758078254,2.0947546606157625,0.1733085274667375,26.692307692307693,0.8119349592718634,2.7133493771734267,0.20094081164414762,28.76984126984127
4.0,2.0,60,3.046492666567447,2.3032277819436677,0.17220082774182766,24.498076923076923,0.7082106872031793,2.686772802906719,0.1808023511741047,27.205026455026456
4.0,2.5,60,2.575378091916777,2.2710088428687794,0.15678410730882603,22.54326923076923,0.5278279981593599,2.237785476750095,0.1433686640784705,25.616402116402117
2.0,0.2,90,4.784531418182463,2.129529617398728,0.21796030577076508,29.080288461538462,0.8516418278419791,2.2327018085963797,0.2098301787637219,29.506613756613756
2.0,0.3,90,5.024156270979842,2.188708927098636,0.22282580846326555,28.65528846153846,0.8052775123237763,2.1705403867104147,0.2012526064611258,29.212962962962962
2.0,0.4,90,4.743126439242451,2.141202930100481,0.21698556920921155,28.265865384615385,0.8050550059217105,2.2139333286594596,0.20104015868894204,28.874338624338623
2.0,0.5,90,4.5118202248202035,2.102494907974452,0.21194828291595103,27.85528846153846,0.7882660324315587,2.1736273763487137,0.19794841958312273,28.502645502645503
2.0,0.7,90,4.516200291067507,2.1388123911957275,0.21186915166064083,27.084615384615386,0.8088130462284937,2.2815008091198687,0.20151875902091662,27.865079365079364
2.0,1.0,90,4.239410349410674,2.105167717624671,0.20548406568563682,26.034615384615385,0.7994830925350713,2.2796905744769727,0.19972893844138284,27.023809523809526
2.0,1.25,90,3.9045206233080227,2.086720893261168,0.19717792420163988,25.20673076923077,0.8870019069971211,2.4669318114643377,0.2155469681425512,26.354497354497354
2.0,1.5,90,4.2987551835324975,2.2213698272087714,0.206403123410622,24.41875,0.792565930951288,2.340639152226927,0.19819259123875488,25.76851851851852
2.0,2.0,90,3.77110833530553,2.1673861518925945,0.19335012546106844,22.932692307692307,0.8174316050462105,2.55742047811769,0.20233768499051313,24.599206349206348
2.0,2.5,90,3.1629440474944346,2.0868930466961606,0.17641576896550354,21.597115384615385,0.7270722214375713,2.5559144898376536,0.1848141282930913,23.60185185185185
2.5,0.2,90,5.644482599100707,2.294336980952912,0.23476262762070607,28.935096153846153,1.5447069896389989,3.246244073803891,0.3162305694150318,29.3505291005291
2.5,0.3,90,5.807700654506899,2.3255953820255533,0.23769089548590797,28.37596153846154,1.5367686290737925,3.2544573384293045,0.31513475529227886,28.951058201058203
2.5,0.4,90,5.588942938991961,2.305107201044457,0.23364551703159953,27.847115384615385,1.5070764296233126,3.24811899371572,0.31111027026994814,28.617724867724867
2.5,0.5,90,5.273594067845059,2.28291218055596,0.2275298213791802,27.3,1.516657486490899,3.2519974828886924,0.31241081381253855,28.271164021164022
2.5,0.7,90,4.751303022173381,2.23842268236061,0.21671316309558986,26.39326923076923,1.3876622988386278,3.193962673441699,0.2944939909100959,27.61111111111111
2.5,1.0,90,3.7843026502464836,2.0854622438291255,0.19403654163613238,25.097115384615385,1.353188385077313,3.293202624924408,0.2892510671634002,26.67989417989418
2.5,1.25,90,3.7306449114466433,2.132557255004451,0.1924102452403068,24.13269230769231,1.2316543488521665,3.1348222310196556,0.27144763064283794,25.93121693121693
2.5,1.5,90,3.584885794493756,2.1339915340922473,0.18844517098545852,23.24903846153846,1.1279351810536977,3.0915586656567133,0.25523273553494097,25.24867724867725
2.5,2.0,90,3.4718381822867626,2.2085910216341427,0.18502878233489214,21.60096153846154,1.090417079497036,3.1139793193321554,0.2490917824830261,23.91931216931217
2.5,2.5,90,3.4464306295726512,2.33141813048763,0.18394309578337703,20.14519230769231,0.979671041986012,3.056459630696554,0.2305824824114004,22.771164021164022
3.0,0.2,90,4.5587690397163385,2.0629513588413024,0.21323099634622417,28.160576923076924,1.7184085028219855,3.4887933851829964,0.3382309525300805,28.555555555555557
3.0,0.3,90,4.390603415623972,2.037549165837399,0.2094485479881591,27.466346153846153,1.672047794047585,3.4667537688388284,0.332390684990425,28.014550264550266
3.0,0.4,90,4.372559674273472,2.0705979453630126,0.20884741799944917,26.935576923076923,1.640109877617403,3.451478981543383,0.32829874882047644,27.683862433862434
3.0,0.5,90,4.403444591080231,2.119528802262373,0.2093353192861398,26.38653846153846,1.5143666388121444,3.3739623956962173,0.31176382844376554,27.341269841269842
3.0,0.7,90,4.036502950532266,2.0936871960084775,0.2005192542153303,25.41346153846154,1.4117310553623446,3.3556552037029697,0.2975256713368718,26.54232804232804
3.0,1.0,90,3.7586614623301964,2.0931861091102113,0.19331847072064728,23.932692307692307,1.3572454389695054,3.3424851938460627,0.2897258816776547,25.605820105820104
3.0,1.25,90,3.0721534896554514,1.958221043390652,0.1741191934988598,22.86346153846154,1.2545149105974631,3.3903167393565363,0.27438101379620117,24.79100529100529
3.0,1.5,90,3.0257192141194915,2.0191879837681035,0.17242235328935102,21.84375,1.0955804264786448,3.1842340880483087,0.24979330775683278,23.92063492063492
3.0,2.0,90,3.2476490182789215,2.195350858640794,0.17859305381696894,20.076442307692307,1.055602655440187,3.3148503671225127,0.2429789276254255,22.582010582010582
3.0,2.5,90,3.163722841859159,2.342581600475917,0.17567974928018648,18.489903846153847,0.9623989835955273,3.230737081941932,0.22728752840008082,21.383597883597883
3.5,0.2,90,3.356768685755089,1.7515089233353258,0.18386002004634633,27.55096153846154,1.2062068465775013,2.9299980295371513,0.268056948318228,27.84259259259259
3.5,0.3,90,3.3872839783868853,1.7866053071764059,0.18453297554675785,26.79326923076923,1.2806468661362618,3.0188042799017487,0.279216562010942,27.33994708994709
3.5,0.4,90,3.597469767102128,1.8930073483756595,0.1899047826160171,26.164903846153845,1.2186251551721345,2.9724729940805443,0.2698605578421096,26.95767195767196
3.5,0.5,90,3.3338034603871662,1.8685518554397367,0.1824834829601824,25.521153846153847,1.158895114786608,2.9907761901338943,0.26043274727990884,26.45767195767196
3.5,0.7,90,3.1460567496323693,1.8553600156077283,0.17688998932709593,24.36298076923077,1.158536431511839,3.045443325150512,0.26023893765271344,25.60185185185185
3.5,1.0,90,3.0284277579328984,1.921823580844238,0.17290289067722692,22.796634615384615,1.0264270413526364,3.0079257530016954,0.2386692535035339,24.441798941798943
3.5,1.25,90,2.7468413934211764,1.8973519499191251,0.1637996036409777,21.575961538461538,0.9920553719497198,3.0947487797848536,0.23264116763890094,23.56084656084656
3.5,1.5,90,2.7849665427008268,1.980325651800606,0.16476318738296375,20.460576923076925,0.9283535572040722,3.0668713281075455,0.2215841855167509,22.70767195767196
3.5,2.0,90,2.942038336745928,2.2551393942724167,0.16904481927353116,18.50721153846154,0.8859730431370982,3.1361157824105956,0.2138871368861026,21.206349206349206
3.5,2.5,90,2.7565485891932506,2.366937549293385,0.1627572738136565,16.764903846153846,0.8228344513434032,3.147962702095922,0.20226746990978675,19.965608465608465
4.0,0.2,90,3.0249050662883707,1.684235888751211,0.17408890485876408,26.799038461538462,0.9666147419207543,2.4375171361782018,0.22996446699232492,27.185185185185187
4.0,0.3,90,2.8588104483220027,1.6643785139442089,0.16878217536135331,25.965865384615384,0.9951932730090394,2.5729496486536343,0.23448185897457893,26.68915343915344
4.0,0.4,90,3.037036665714984,1.7822029250468052,0.17387406340204614,25.25096153846154,0.8448803743019027,2.3666885615542728,0.2080685392647763,26.246031746031747
4.0,0.5,90,3.2285394130647953,1.866701278860121,0.1793500290511869,24.553846153846155,0.8115551909656886,2.3558042534743393,0.20179447876734846,25.645502645502646
4.0,0.7,90,2.99443462625824,1.851654194318051,0.17215141044834087,23.307211538461537,0.8410969390064573,2.5347645837653623,0.20685459507229018,24.636243386243386
4.0,1.0,90,2.6470739212523777,1.8105552917851744,0.16074144155836778,21.48894230769231,0.8406073652135619,2.6786093838870317,0.20640385472707246,23.341269841269842
4.0,1.25,90,2.482799917431016,1.8380658652625013,0.15476095399160206,20.235576923076923,0.865420166473784,2.8354576043564097,0.21066255675405124,22.34259259259259
4.0,1.5,90,2.864584703323057,2.1038110222165756,0.1669766488878795,19.057211538461537,0.8387194160892191,2.848370298761554,0.205701394703166,21.52910052910053
4.0,2.0,90,2.642231742707761,2.2894248554449828,0.15906069058405573,16.914423076923075,0.6229510334418917,2.4764430641009616,0.16364376438044492,19.90740740740741
4.0,2.5,90,1.8944265238606621,2.0709205665380455,0.13078420729023676,15.111538461538462,0.6039659445788612,2.633875422143363,0.15936709291114015,18.42195767195767
2.0,0.2,120,4.059272364566573,1.9666293502230625,0.2017442288597951,24.73701923076923,0.988537035187828,2.3535689456107836,0.23414804836482633,25.215608465608465
2.0,0.3,120,4.040968053794178,1.9862041593098878,0.20117138297345488,24.279326923076923,0.9216973559141803,2.2896703327047248,0.22251777983764584,24.906084656084655
2.0,0.4,120,3.94841821632253,1.970404313309227,0.19888989880420055,23.759615384615383,0.9123425231035378,2.3169189038665774,0.22070746186745002,24.45899470899471
2.0,0.5,120,4.011791608569403,1.9860603752585837,0.20043101598075025,23.275,0.9200821171161728,2.3748285665453666,0.22188485300998373,24.165343915343914
2.0,0.7,120,4.400742959321005,2.113395188670142,0.20930709959244778,22.415384615384614,0.8693529848034449,2.3718209642366825,0.2126105411270047,23.476190476190474
2.0,1.0,120,4.28912612531307,2.156081814079009,0.20645393366769765,21.29230769230769,0.7734079677935406,2.3524481606570062,0.19443924954044675,22.558201058201057
2.0,1.25,120,3.951907604239305,2.1385967853394745,0.19817572325663446,20.39375,0.7131311813893781,2.244535279261895,0.1828086842397821,21.882275132275133
2.0,1.5,120,3.6769594311774414,2.121280448605742,0.19101204815276918,19.589903846153845,0.7043480324775875,2.251586284845861,0.18100931371904894,21.293650793650794
2.0,2.0,120,3.1395417621646526,2.0470449441515686,0.1758495537176836,18.150961538461537,0.682774605150674,2.337828615455923,0.17637854490123153,20.091269841269842
2.0,2.5,120,2.9376907287980347,2.0840735366645218,0.16940336482662,16.84278846153846,0.6466650549559723,2.381023190936852,0.16881118525169891,19.025132275132275
2.5,0.2,120,5.025111126322021,2.186116764174233,0.22285660078952174,24.330288461538462,1.6308534746864507,3.3029020359021053,0.32750946327062935,25.09259259259259
2.5,0.3,120,5.182104505533016,2.2416355040001803,0.2258550376332602,23.71105769230769,1.5274584670252267,3.235967123883066,0.3139258536731913,24.798941798941797
2.5,0.4,120,5.083136617591859,2.2585587807844916,0.22373039953989318,23.184615384615384,1.4782620018266641,3.1852330308468333,0.30731421861942754,24.42195767195767
2.5,0.5,120,4.900464945959763,2.2355355395419783,0.21996984857090118,22.658173076923077,1.4877419172015887,3.2373165558290316,0.30847521323912763,24.013227513227513
2.5,0.7,120,4.7011889122191555,2.2362543312927605,0.21561416568228153,21.716826923076923,1.3410811200725545,3.068078699565027,0.28807178030990066,23.25793650793651
2.5,1.0,120,4.304321073586536,2.236461382911984,0.2064804034088702,20.477884615384614,1.2878471436805445,3.264266135225226,0.2796712151826992,22.1984126984127
2.5,1.25,120,4.06112296710195,2.2069995821118567,0.20066084106426219,19.536057692307693,1.1629023539454542,3.0940994478065553,0.26081526956446943,21.544973544973544
2.5,1.5,120,3.8661569692049405,2.2288917604586183,0.19561746512082495,18.664903846153845,1.0868512505740666,3.0357437626201627,0.24867901932001613,20.822751322751323
2.5,2.0,120,3.261349614752797,2.205738287513801,0.17896783304557712,17.02355769230769,1.0178693667937226,3.1315508398544525,0.23697529499031644,19.47089947089947
2.5,2.5,120,2.8188365173107717,2.199963153309668,0.165205325272563,15.579807692307693,0.9533971859000818,3.1451798660410826,0.2258576004098776,18.317460317460316
3.0,0.2,120,4.537719148604523,2.065329616430077,0.21273446267264015,23.590865384615384,1.50128121220777,3.26757862744682,0.3102590337230959,24.564814814814813
3.0,0.3,120,4.297181764038626,2.033197290860525,0.2072406205677761,22.95625,1.546101164378904,3.275024445617469,0.31632637388586443,24.047619047619047
3.0,0.4,120,4.124150211478257,2.0277166628744507,0.20303538343204977,22.37548076923077,1.4637198375056255,3.297539241305199,0.30498068118694555,23.525132275132275
3.0,0.5,120,4.242259987119903,2.07660419986692,0.20569230761306695,21.806730769230768,1.4024875983485394,3.208692245286057,0.29657783244612235,23.076719576719576
3.0,0.7,120,3.8919680849365657,2.0660311796675366,0.19694622169921755,20.74375,1.275746739322043,3.2180438946105316,0.27796209692728213,22.203703703703702
3.0,1.0,120,3.2191070619952544,1.96717147616738,0.1785862177869615,19.296634615384615,1.218413434068863,3.2594717511510405,0.26913047234274795,21.107142857142858
3.0,1.25,120,3.3268313619899867,2.0803594628492177,0.18131980329491876,18.260576923076922,1.1292481702926018,3.214540252523629,0.25518561374768056,20.25925925925926
3.0,1.5,120,3.0541101439789564,2.064206862130336,0.17314767566896058,17.348076923076924,1.0835817037449047,3.282408167020397,0.24764918538699568,19.53174603174603
3.0,2.0,120,2.595681940747606,2.0187677389438887,0.15815480434500434,15.612019230769231,0.8818739221612355,3.0944055127969587,0.21320955993694576,18.141534391534393
3.0,2.5,120,2.4536024460553434,2.1293776861770817,0.15277305616544357,14.11875,0.9391130284345655,3.259477733469549,0.22317531510749383,16.935185185185187
3.5,0.2,120,3.6581973153874507,1.8816662858974604,0.19164675364661027,23.087980769230768,1.1274598284552715,2.8161937218277706,0.255861348925042,23.761904761904763
3.5,0.3,120,3.446357854001258,1.834920879483758,0.18595498537175786,22.308173076923076,1.1163150146717173,2.7760560764810718,0.2541731250936256,23.113756613756614
3.5,0.4,120,3.296816593273486,1.8260870060117218,0.18162178463185955,21.553365384615386,1.132870661462705,2.939197809891906,0.2563996039938962,22.572751322751323
3.5,0.5,120,3.2730066706979066,1.8590128632492182,0.18072800001793315,20.883653846153845,1.1268217557526765,2.9858497219595947,0.25530507556740756,22.076719576719576
3.5,0.7,120,2.9177014988974683,1.83190616012323,0.169772224902565,19.66778846153846,1.1054633024368443,3.1107461905901586,0.25155525470713025,21.21825396825397
3.5,1.0,120,3.310997076639773,2.0402176714449762,0.18101239648405684,18.19855769230769,1.0356354724512964,3.1268878885476754,0.23997981036818086,20.034391534391535
3.5,1.25,120,3.085982543202383,2.047935912695244,0.17419561370322884,17.00048076923077,0.9646070578720878,3.0586669661111636,0.2279645873479983,19.18915343915344
3.5,1.5,120,2.942539059463631,2.1046732992990345,0.16949156120871012,15.954807692307693,0.9196971722032898,3.070462946933331,0.22004044172575404,18.317460317460316
3.5,2.0,120,2.4089158216410334,2.096505829735588,0.1512235435140819,14.150961538461539,0.8446393947835764,3.0754292784471686,0.20642173073259645,16.776455026455025
3.5,2.5,120,2.0249595234337407,2.0715317919142517,0.1363014039838875,12.5375,0.8064358333936703,3.121069817711435,0.1992251964401771,15.423280423280424
4.0,0.2,120,3.4878423363776747,1.8284820749032384,0.18718461291001237,22.31153846153846,0.930587379755538,2.421045998813458,0.2236107248726179,23.16005291005291
4.0,0.3,120,3.5004814188374374,1.861412627250709,0.18735306496001253,21.435096153846153,0.8671899548831978,2.2913597668102814,0.21250528404124802,22.526455026455025
4.0,0.4,120,3.0511965229507467,1.7625483564359217,0.17443842316912583,20.67596153846154,0.8401657132133435,2.3912728478125582,0.207101148874636,21.90740740740741
4.0,0.5,120,2.94948234655458,1.7903095910961582,0.1710210483033951,19.958653846153847,0.8903434120600626,2.587165657723209,0.21580672239607307,21.417989417989418
4.0,0.7,120,2.863701458000483,1.8581564069677214,0.1678780346294366,18.6875,0.8727415310212592,2.6511529923638406,0.21241777406075557,20.374338624338623
4.0,1.0,120,2.912842013783795,1.9472694100330896,0.16909804568072814,16.9375,0.951235526729522,3.0399604007149685,0.22566222506720965,19.072751322751323
4.0,1.25,120,2.5448596012773375,1.9154743281304725,0.15670434246102535,15.695192307692308,0.7957263937239889,2.7067968363584414,0.19786986405448848,18.066137566137566
4.0,1.5,120,2.348818199453052,1.9398898671187967,0.14943027223089844,14.625961538461539,0.7548702550233648,2.764161428092152,0.18988501980697592,17.082010582010582
4.0,2.0,120,1.820010457553789,1.869351576987968,0.12797626053511824,12.700961538461538,0.8769333665685974,3.331633117048637,0.21198368201710532,15.406084656084657
4.0,2.5,120,1.6757567812140568,2.008024210404145,0.12108657020355221,11.13701923076923,0.5974738472731447,2.7233585615992784,0.1578640257892451,14.066137566137566
2.0,0.2,180,3.5361905483446607,1.8081331795644977,0.18869556835646836,19.35048076923077,0.9192039764964632,2.2676837450802503,0.22215440232278635,20.084656084656086
2.0,0.3,180,3.481683862827417,1.8205427832367604,0.1870646546564851,18.79230769230769,0.9364815946847638,2.331175861560002,0.22501077054371046,19.665343915343914
2.0,0.4,180,3.4712068820842132,1.8323109571813432,0.18669511986017057,18.246153846153845,0.9467955990021006,2.3867007255651944,0.226634523351938,19.28306878306878
2.0,0.5,180,3.546760738276486,1.8779499111795055,0.18857588516935053,17.787019230769232,0.8506619304844589,2.3008420542387853,0.2093795224783317,18.814814814814813
2.0,0.7,180,3.7289890038505744,1.9476269486553366,0.19321950418892875,16.842307692307692,0.8288841277087342,2.3353992544444626,0.20515176862881668,18.00925925925926
2.0,1.0,180,3.9473176772705783,2.115392795814738,0.1981592396946161,15.775,0.7151382702159916,2.189200473060955,0.18338823355923753,17.08730158730159
2.0,1.25,180,3.805174124931396,2.1464011559084017,0.19433501328064054,14.91826923076923,0.7027307122091546,2.265289749550125,0.18064106691830853,16.365079365079364
2.0,1.5,180,3.308903441756942,2.061701957895351,0.18087066647136757,14.122115384615384,0.6456196657345712,2.2153276685948122,0.16899315868996342,15.666666666666666
2.0,2.0,180,3.24131895605995,2.1317536378539534,0.17861590438375988,12.827403846153846,0.6517567780650217,2.3506058182881024,0.16993978866999096,14.642857142857142
2.0,2.5,180,2.3963221858422035,1.923838450683609,0.15126369198308665,11.584615384615384,0.5826966765014392,2.276605330864105,0.15541346820755014,13.588624338624339
2.5,0.2,180,4.853211974205734,2.115134177124114,0.21953689367408102,18.979326923076922,1.5170902348008637,3.1899196106086505,0.31265368188008347,20.44973544973545
2.5,0.3,180,4.77636001700273,2.14071472190143,0.2177189471464665,18.26105769230769,1.4680569631790021,3.1168676083083064,0.3060982442745257,19.92063492063492
2.5,0.4,180,4.518088827504008,2.1196923433121286,0.21200342267888592,17.670673076923077,1.4369116680364034,3.147800897846545,0.30163217726482644,19.335978835978835
2.5,0.5,180,4.588948771792801,2.1457540547991023,0.21350082495915224,17.125,1.3208178364444216,3.052000950222308,0.28512487032562583,18.917989417989418
2.5,0.7,180,4.424291724110624,2.1861381038453986,0.20952102682283014,16.19951923076923,1.2553616435416148,3.0202760614215576,0.27537606550770244,18.076719576719576
2.5,1.0,180,4.210100380189671,2.25212311155535,0.2041547488411084,14.986538461538462,1.1249987570248177,3.0475450116723346,0.2548627229743382,16.976190476190474
2.5,1.25,180,3.576787077195312,2.1387353408581964,0.188205048548302,14.04375,1.1257415957985049,3.1567100751449337,0.254739275119819,16.174603174603174
2.5,1.5,180,3.6595913399195856,2.227775881916388,0.1901507409745402,13.298076923076923,1.0491250414804103,3.158212901273347,0.24217942068444348,15.445767195767196
2.5,2.0,180,2.750650455153995,2.0565538023100873,0.16335442729724237,11.830288461538462,0.8682516861741674,2.9316474278732616,0.21100317047817083,14.211640211640212
2.5,2.5,180,2.3336380954268634,2.017955148809457,0.1486239946640568,10.570673076923077,0.8197722435183636,2.9131218242574035,0.20204520920870994,13.05026455026455
3.0,0.2,180,5.035942536369298,2.1399041476812806,0.2233201641123239,18.337980769230768,1.2760349214107123,3.002736295971002,0.2785609133334638,19.784391534391535
3.0,0.3,180,5.008370969033218,2.184489454547378,0.22250975878900192,17.608653846153846,1.2175845526492335,3.025974036393754,0.2695516910132285,19.178571428571427
3.0,0.4,180,4.762408185284501,2.162336318399729,0.21730511705473451,16.952403846153846,1.2354514158099512,3.122990065843231,0.2720602767331373,18.546296296296298
3.0,0.5,180,4.376477166483234,2.1152963684004447,0.20872081975133988,16.335096153846155,1.2404218247841423,3.154536401632229,0.27274636151719195,17.994708994708994
3.0,0.7,180,4.214980880476988,2.1900763935350205,0.2045160947419269,15.328846153846154,1.2172389214527586,3.2270317065935847,0.26901695699495065,17.183862433862434
3.0,1.0,180,3.124143763484012,1.9970644488190368,0.1755710561648602,14.002884615384616,1.1429791907487314,3.234246935840883,0.25734423794420763,16.017195767195766
3.0,1.25,180,2.8319170840032597,1.96759950932744,0.1663728383277514,13.001923076923077,1.0767046352426117,3.1958115563886045,0.24667734706126368,15.193121693121693
3.0,1.5,180,2.499908981849587,1.9210804411874556,0.1550699970909319,12.079807692307693,0.8947984028816975,2.9503600860460906,0.21579170185571497,14.378306878306878
3.0,2.0,180,2.1417814348721373,1.9221824948726445,0.1414343001944639,10.584615384615384,0.8049114891757492,2.9185771809425534,0.19923589405356854,13.085978835978835
3.0,2.5,180,1.6498467350926016,1.8037964856708837,0.12031217111902603,9.248557692307692,0.7999874292032958,3.0192301257239946,0.1981474444261525,11.904761904761905
3.5,0.2,180,4.061486240737883,1.9614182546724612,0.2018217566142003,17.678365384615386,1.082242827051528,2.8004536434369625,0.2485098823574399,18.705026455026456
3.5,0.3,180,4.424177845211818,2.0981530158772723,0.20992712649308579,16.839903846153845,1.1024358159344079,2.8987735309924365,0.25156001554372803,18.038359788359788
3.5,0.4,180,3.969223977684204,2.01725509893979,0.19917573094641366,16.10673076923077,1.0487605606258494,2.804775616155131,0.24292217019609819,17.497354497354497
3.5,0.5,180,3.814820894052878,2.024676595082167,0.19512014714113543,15.454326923076923,1.0166906449730178,2.8884221292831276,0.23728657066449646,16.945767195767196
3.5,0.7,180,3.3108756296016537,2.0100287173118976,0.18113560294518904,14.342307692307692,0.9960008708317472,2.9478931565145103,0.23361141993158785,16.02910052910053
3.5,1.0,180,2.7273400862070254,1.9200376378273263,0.1630489430985414,12.926442307692307,1.000985052759947,3.051404076810428,0.23425165225313763,14.87962962962963
3.5,1.25,180,2.664352111043886,1.967510577102157,0.16071325934529956,11.821153846153846,0.9259200549634214,3.0166912702030784,0.22124110156889226,13.952380952380953
3.5,1.5,180,2.321826057972396,1.956343861498099,0.1483577378296882,10.882211538461538,0.8621562507287239,2.971164098737505,0.2098136608692197,13.105820105820106
3.5,2.0,180,1.866740157619415,1.9135260010450892,0.12992872997034194,9.225480769230769,0.7081445942871731,2.8427637697382995,0.18054190587014735,11.773809523809524
3.5,2.5,180,1.2880714331063046,1.6842623881202774,0.10213544719091844,7.9475961538461535,0.7206808603782962,3.0879681604522315,0.18271559277963845,10.603174603174603
4.0,0.2,180,4.098068664303806,2.0036623264968485,0.20250942242952458,16.92644230769231,0.9825448496451652,2.59809099653044,0.2322023555183815,18.062169312169313
4.0,0.3,180,4.022313910257214,2.014227786632513,0.20054454705099822,15.999038461538461,0.9007419378370691,2.523779514588135,0.21787944008879376,17.32936507936508
4.0,0.4,180,3.3094726426730965,1.8532820067879467,0.18184574232904827,15.24423076923077,0.8837740849607436,2.5807905290429347,0.2146227746749849,16.780423280423282
4.0,0.5,180,3.4611792684271387,1.9591900766023154,0.18571850273176804,14.540865384615385,0.8284657959567543,2.583795158813599,0.20435382604466776,16.234126984126984
4.0,0.7,180,2.9884856412066743,1.90940251905759,0.17169280045688928,13.33173076923077,0.833316879966759,2.6881002996995673,0.20501870043733875,15.174603174603174
4.0,1.0,180,2.1704527828906475,1.7144472561840067,0.14332016307748038,11.846634615384616,0.8378270016533316,2.800029158135661,0.20562830835956755,13.826719576719576
4.0,1.25,180,2.209197886731322,1.881148152195514,0.14424001992476215,10.712019230769231,0.8161614968232027,2.8872157706593113,0.20141072314234054,12.816137566137566
4.0,1.5,180,1.8253826913544078,1.7957578836670722,0.12841864889785776,9.69326923076923,0.7802928235540314,2.9574178219648815,0.19448667751896048,12.017195767195767
4.0,2.0,180,1.1590031516631525,1.5052815712225323,0.09526293957708737,8.0625,0.6881510013204557,2.9347878327877597,0.17640497226844828,10.723544973544973
4.0,2.5,180,0.932305623646658,1.4807981611371404,0.08132452940109405,6.8307692307692305,0.5865840755192002,2.9071807882325205,0.15533071918511498,9.448412698412698
2.0,0.2,240,3.350965641889416,1.7486531401416692,0.18371654115997568,16.27451923076923,0.9910158158194158,2.40747929735718,0.2343444523718974,16.884920634920636
2.0,0.3,240,3.5745774894330804,1.8384774019379948,0.18958936527578246,15.618269230769231,0.8868432665542514,2.2699025206848544,0.21622553963023955,16.424603174603174
2.0,0.4,240,4.037417727742938,1.9772605829507908,0.20113207374467107,15.042788461538462,0.855803246032637,2.267317996895531,0.2104713588536222,15.965608465608465
2.0,0.5,240,3.6862456120282197,1.920250187863931,0.19220859024658782,14.542307692307693,0.7950525148767542,2.16512826018788,0.19930062538508053,15.567460317460318
2.0,0.7,240,3.2298804605377693,1.8463223610123272,0.17950286925272807,13.725480769230769,0.7126064480662111,2.0898251430473045,0.1832297598446847,14.912698412698413
2.0,1.0,240,3.1751000166315553,1.9107546160101192,0.17751427031049122,12.62451923076923,0.6828561617696756,2.1341169395777855,0.17697938182178766,14.001322751322752
2.0,1.25,240,2.926695792245736,1.8960938822107711,0.16976897142546182,11.797596153846154,0.5548791474905006,1.896453552919575,0.1503055149781889,13.220899470899472
2.0,1.5,240,3.202065969758828,2.0545693702338843,0.1777207257904886,11.091346153846153,0.6296495986151225,2.162413874135249,0.1657684391616059,12.654761904761905
2.0,2.0,240,3.129223101339643,2.148065098222345,0.1751845460807851,9.810096153846153,0.632965647834677,2.35010495564871,0.16600430516973885,11.529100529100528
2.0,2.5,240,1.9418993274735228,1.7599297133276666,0.13364395777413085,8.672115384615385,0.5858873002562672,2.283756322794417,0.1560893007641704,10.5
2.5,0.2,240,4.814658306152883,2.0985019347999567,0.21878277254598094,15.853365384615385,1.1161894265813341,2.634276455592808,0.25462726514870937,17.048941798941797
2.5,0.3,240,4.491734857696501,2.0677801757931147,0.21166044397384048,15.249038461538461,1.147495720570261,2.6859396225260492,0.2595196480534908,16.513227513227513
2.5,0.4,240,4.1094067270632335,2.009780057575009,0.2027650055621329,14.676923076923076,1.1102947554149836,2.6299555833851636,0.25367182467867955,16.0
2.5,0.5,240,4.018046239388777,2.031394617600888,0.20035175499509625,14.149519230769231,1.0685320796835152,2.6398508515165138,0.24673009220169811,15.566137566137566
2.5,0.7,240,4.259333672205478,2.137793595051298,0.20581786314423423,13.128846153846155,1.0671779034358626,2.8022452225812784,0.24600667570248722,14.756613756613756
2.5,1.0,240,4.267017812270431,2.2689746612792066,0.2054617095173702,11.886057692307693,1.0404665120165646,2.874144574020388,0.24134542403158882,13.832010582010582
2.5,1.25,240,3.7510957738346358,2.1976734711623926,0.1927094111427847,11.06826923076923,0.9810378612316342,2.877553953153582,0.2311903689364515,13.107142857142858
2.5,1.5,240,3.2367935021518637,2.1449080401693736,0.17843690907429186,10.278846153846153,0.9591946236625188,2.9619943402898707,0.2272074199001426,12.484126984126984
2.5,2.0,240,2.7634018184586426,2.1483851517117127,0.16350860345276044,8.90625,0.9446073760953215,3.1087885455792095,0.2243803672861494,11.367724867724867
2.5,2.5,240,1.851947142851702,1.8543222380061526,0.12943185656952588,7.756730769230769,0.7190015463574901,2.7639300479857787,0.18282628183174174,10.224867724867725
3.0,0.2,240,4.3342197996066485,2.002676473019412,0.20830005767209053,15.286057692307692,1.1371496076640528,2.909964595831151,0.2571636395866583,16.523809523809526
3.0,0.3,240,4.56566181776453,2.1036100148057053,0.2131769445895268,14.529807692307692,1.104196055092832,2.864302089453876,0.25194198005896196,16.04232804232804
3.0,0.4,240,4.394711449967787,2.103018743603929,0.20921091356479254,13.88701923076923,1.0723910859253483,2.842130248045882,0.24676425193623094,15.473544973544973
3.0,0.5,240,4.461324733170416,2.153858978408508,0.21052874794113063,13.322596153846154,1.0848427174176791,2.9118160008669207,0.2486433120483142,15.068783068783068
3.0,0.7,240,3.6963510243772317,2.0831889417088547,0.19169137449146822,12.257211538461538,1.2050379609419273,3.2891078443680755,0.266996911081237,14.14153439153439
3.0,1.0,240,3.576678445493515,2.156046631443507,0.1881351109139005,10.932692307692308,1.1184101211859696,3.1921809174118505,0.25348089925400746,13.087301587301587
3.0,1.25,240,2.4237792038591732,1.8474388940922737,0.1525545062670169,9.999038461538461,0.9845569024730783,3.105378174862567,0.23133131938693163,12.357142857142858
3.0,1.5,240,2.361158932833816,1.896247619406541,0.1500389549132663,9.15625,0.8721083488805306,2.997325401541504,0.2115911527944183,11.681216931216932
3.0,2.0,240,1.7737648379552486,1.8143316211463907,0.12604017465608705,7.844230769230769,0.7575785210226993,2.9047254834877565,0.19018489665810656,10.284391534391535
3.0,2.5,240,1.2053742403524708,1.587349034174878,0.097730729221231,6.749038461538461,0.6346926632235244,2.7039472465895082,0.1657432917854427,9.164021164021165
3.5,0.2,240,4.689273116831957,2.1084068019570767,0.21594966881495287,14.601923076923077,0.9973068206482409,2.6862772549744656,0.23449358636070877,15.74074074074074
3.5,0.3,240,3.982996954921397,2.004986421519731,0.19959134224225833,13.75048076923077,0.9541763160304202,2.632059977934372,0.22712459448785471,15.206349206349206
3.5,0.4,240,3.8335177862921155,1.9971822855397663,0.19574869848027704,12.972115384615385,0.9722675597809047,2.7051403223420842,0.23009515471046713,14.564814814814815
3.5,0.5,240,3.740709084298267,2.0193981761535715,0.19316780068355108,12.361538461538462,1.0191808885977052,2.929768013635197,0.23761125201637034,13.985449735449736
3.5,0.7,240,3.847312869562031,2.178214652692822,0.1953145257321122,11.192788461538461,1.042711316152296,2.9759174977391796,0.24147782579037846,13.079365079365079
3.5,1.0,240,2.6135386958035904,1.9136834588246807,0.15914125857217276,9.81201923076923,0.8482441344206846,2.860067827978715,0.20744711122307471,11.935185185185185
3.5,1.25,240,2.4432419808592596,1.96095896004664,0.15287150481284628,8.859615384615385,0.7563206869851005,2.6841042551353804,0.19031350371861444,11.158730158730158
3.5,1.5,240,1.884952002467187,1.8133559871037224,0.1309997625352593,8.051442307692307,0.7630062753944689,2.8501485961609694,0.19132200324761833,10.334656084656086
3.5,2.0,240,1.381697023583647,1.6834329482964296,0.10718341138727547,6.649519230769231,0.6496674638143325,2.810895203543306,0.16870818686036762,9.075396825396826
3.5,2.5,240,0.860265363834309,1.3682550237841713,0.07678568230253491,5.617307692307692,0.6002657539851122,2.8729585281353085,0.1582843007692768,8.105820105820106
4.0,0.2,240,4.206651855064698,2.0105606499921214,0.20516210522677866,13.784615384615385,0.7935727684912786,2.2829545453851687,0.19857722006210335,15.130952380952381
4.0,0.3,240,3.9617385723213907,2.027829897395943,0.19892950312292162,12.926923076923076,0.8543170557269057,2.425386813056256,0.20963798605914474,14.355820105820106
4.0,0.4,240,3.452139960678635,1.9181398469344058,0.1856619013910485,12.14423076923077,0.8529019490162155,2.4693605576578217,0.20924085841613896,13.674603174603174
4.0,0.5,240,3.582747321160981,2.013487444444869,0.18888385964498766,11.465384615384615,0.9664341467783526,2.803525661416637,0.22882114664316855,13.183862433862434
4.0,0.7,240,2.8939585403015915,1.934378811942866,0.16853817758404027,10.292307692307693,0.9122141764888498,2.8456853431651004,0.2191319593711707,12.223544973544973
4.0,1.0,240,2.027715917948414,1.7150781295061628,0.13745333628437972,8.865865384615384,0.7353602307823852,2.590255538867681,0.186383656219917,11.107142857142858
4.0,1.25,240,1.7450574525699802,1.7029703528250446,0.12506182640811125,7.884134615384616,0.8053298538173943,2.9631538977534655,0.1992428988818202,10.207671957671957
4.0,1.5,240,1.4374110237206184,1.6499152222021638,0.11018879806186484,7.049038461538461,0.7907705905661517,3.124310861211328,0.19625607905216097,9.34920634920635
4.0,2.0,240,1.1290598993729537,1.5885345703566334,0.09329186783025546,5.744711538461538,0.653400784404446,3.06440623770765,0.16918602894470838,8.03968253968254
4.0,2.5,240,0.648412262035271,1.1971860678448956,0.06189714584953162,4.764423076923077,0.6232826860255907,3.2231304277733184,0.1628064004787189,6.953703703703703
2.0,0.2,360,2.9387360202701913,1.6322863934965073,0.1716580948376811,12.65,0.7253770436629761,1.8577499753927194,0.1868944888695296,13.302910052910052
2.0,0.3,360,3.0248773361968837,1.6674212725739495,0.17420917926712326,12.020673076923076,0.7389842428433198,1.925842922499737,0.1892949886564275,12.826719576719576
2.0,0.4,360,2.9208462435148106,1.6637550570884776,0.1708508371937307,11.467307692307692,0.7433806879019054,1.9455630504835506,0.19007903432877502,12.347883597883598
2.0,0.5,360,2.78752686823047,1.6554567052410678,0.16644227663183736,10.944711538461538,0.7025395822215725,1.9354619218864217,0.18182550324319358,11.862433862433862
2.0,0.7,360,2.7780262663107544,1.7158356801468475,0.1657500226301834,10.055769230769231,0.6113198909234558,1.8331844547401317,0.16300308724669899,11.088624338624339
2.0,1.0,360,2.7394602554743535,1.7847827391281428,0.16406554085782207,8.987019230769231,0.6806460059940309,2.074377918756552,0.17673031040282292,10.124338624338625
2.0,1.25,360,2.6330586997307077,1.819648322982089,0.16021688452680033,8.238461538461538,0.6113161576859141,2.042888763333547,0.1622051561155659,9.428571428571429
2.0,1.5,360,2.71903744082721,1.955643065114656,0.16263343008274353,7.632211538461538,0.626943093762488,2.2300830539617,0.1650143517874708,8.69973544973545
2.0,2.0,360,2.3148370010640735,1.9459354137699039,0.14812647159968578,6.500480769230769,0.4726431195533498,1.952730998352515,0.13130498699704848,7.664021164021164
2.0,2.5,360,1.6651573503663872,1.7584666040239505,0.12116163017956533,5.588461538461538,0.4358340709529449,1.9752589698376297,0.12252738098561855,7.01058201058201
2.5,0.2,360,4.904866220589544,2.105634824013629,0.22070914196929003,12.419711538461538,0.8547420957179974,2.276155912564143,0.21023893212446615,13.337301587301587
2.5,0.3,360,4.1965284675669,1.9951460565043848,0.20500261716435786,11.620673076923078,0.8401878608620976,2.272817810032473,0.20751544793320378,12.828042328042327
2.5,0.4,360,4.1024574418654405,2.0024636410398418,0.2026285723183726,10.957211538461538,0.8786353709801498,2.3663711737389,0.2143474049149384,12.298941798941799
2.5,0.5,360,3.712233410030528,1.956023164180809,0.19271939595865434,10.422115384615385,0.8719889754935728,2.345423785630004,0.2131901505472508,11.944444444444445
2.5,0.7,360,3.6133954412644727,2.018270143183685,0.18971565515219518,9.453365384615385,0.8730492459887205,2.4707004017750345,0.21297155754291966,11.201058201058201
2.5,1.0,360,3.478878346720637,2.081919948195677,0.18568899714389825,8.296634615384615,0.880302129484603,2.641766298898698,0.21382509405323194,10.30026455026455
2.5,1.25,360,3.2685456577035783,2.1437920297168627,0.1793806856052567,7.532692307692308,0.8877519411788197,2.8582284337482395,0.21469257591764948,9.671957671957673
2.5,1.5,360,2.8997713780672023,2.140184020254988,0.16801007951736474,6.8850961538461535,0.907801245807232,3.0143587346253393,0.2180132718446961,8.97883597883598
2.5,2.0,360,1.7887260502811708,1.8076902645337325,0.12673832220925707,5.7875,0.727917526103731,2.7870316837463203,0.18455611732028898,7.947089947089947
2.5,2.5,360,1.3062329461641888,1.6746564479536996,0.10315219171505642,4.908653846153846,0.6862493488835231,2.8220385556905625,0.1761688563012811,7.0965608465608465
3.0,0.2,360,4.315918572383671,2.0236221971051727,0.20774486200313602,11.75576923076923,1.0204121376579067,2.7091135699734012,0.23838804598252422,13.096560846560847
3.0,0.3,360,3.7886147347976316,1.9315031981913005,0.19490330554702578,10.94326923076923,1.0182918720140526,2.8236839586291977,0.2377147659556823,12.534391534391535
3.0,0.4,360,3.3663887136490453,1.868599178546734,0.18344041096404737,10.23125,0.9715903482953301,2.7068128231183244,0.2299670177547959,11.94047619047619
3.0,0.5,360,3.547686664708701,1.9750010922324515,0.18808946263048476,9.683653846153845,0.9902207347496272,2.839673729491572,0.23286352155868448,11.423280423280424
3.0,0.7,360,3.053323551046189,1.9149207859698085,0.17372036131445479,8.73076923076923,1.001039575351025,2.889710630648567,0.23460369763060876,10.755291005291005
3.0,1.0,360,2.9341668088162143,2.035954478165475,0.16945395566749766,7.581730769230769,0.9020852569858775,3.0138163211471047,0.21698891018361527,9.751322751322752
3.0,1.25,360,2.379210992973435,1.9516539707345457,0.15053163750272452,6.7317307692307695,0.7877963543863153,2.802639339101152,0.19617536671460234,8.964285714285714
3.0,1.5,360,2.0208994190775034,1.8876088724003244,0.13658994764365218,6.0346153846153845,0.7138229513362635,2.73614928223907,0.1818405509777712,8.25925925925926
3.0,2.0,360,1.287070310280753,1.6331058407153922,0.10220226256723272,4.9341346153846155,0.6448233004577899,2.7275243760837538,0.16781892622906097,7.134920634920635
3.0,2.5,360,0.9575024979345237,1.481779042968028,0.08295364533078864,4.098076923076923,0.6420395593196118,2.918992817958575,0.16699828498039498,6.195767195767195
3.5,0.2,360,3.318717909426428,1.8063668279186693,0.18238458523927115,11.092307692307692,1.1541347906537287,2.9785175281850247,0.2596989769082463,12.384920634920634
3.5,0.3,360,3.37615850466785,1.8743916779066645,0.18369311726683726,10.202884615384615,1.0319944061049626,2.790851603818929,0.24012750305720842,11.706349206349206
3.5,0.4,360,3.4502538399259066,1.9521376589431205,0.18543915214385037,9.41201923076923,0.9999246159034916,2.7981359444798337,0.23463721809813837,11.126984126984127
3.5,0.5,360,3.3048452756710027,1.968999303954731,0.181131805374769,8.845192307692308,1.0423965499471897,3.0403442900667925,0.24128541234582432,10.575396825396826
3.5,0.7,360,3.0312668262184523,1.9670540040768398,0.17280238531306158,7.762019230769231,0.8728112159447285,2.7862838880007765,0.21211798490923262,9.735449735449736
3.5,1.0,360,2.8546027513429677,2.0971665461139875,0.16667039361913338,6.579326923076923,0.7655240355471564,2.753741158706869,0.1919739995771567,8.632275132275133
3.5,1.25,360,2.205525310475901,1.9874828029489406,0.14377859064748644,5.750961538461539,0.7470663036209779,2.8842807666401025,0.188168063482861,7.851851851851852
3.5,1.5,360,1.4608218011425689,1.680439560984649,0.11131124898427064,5.074519230769231,0.669852109286506,2.6906597818377462,0.1730294113307764,7.222222222222222
3.5,2.0,360,0.8468402621250597,1.3567677112537975,0.07589803484733737,4.032692307692308,0.7290301978206382,3.1797866443347598,0.18425868475140228,6.097883597883598
3.5,2.5,360,0.7196015175435868,1.3579610040050194,0.06689682113108583,3.2302884615384615,0.5725954554954855,2.9744300519658924,0.15226018507606842,5.261904761904762
4.0,0.2,360,3.2142379931413725,1.7856547570114796,0.17935982512294815,10.28125,0.8751860523535693,2.498182286221637,0.2132781065397603,11.806878306878307
4.0,0.3,360,3.2277812554593206,1.8470292474689582,0.17942401594622126,9.382211538461538,0.8490970203983752,2.487629527716469,0.20847575772902865,10.968253968253968
4.0,0.4,360,3.1851674868698945,1.8682806768811682,0.1780183784315792,8.602403846153846,0.9511062923013458,2.789708837129419,0.22616435254359346,10.36111111111111
4.0,0.5,360,2.8569383755107407,1.839313284325444,0.1677393770843176,7.960096153846154,0.8706935731930505,2.7579656855446206,0.21179172293398185,9.776455026455027
4.0,0.7,360,3.0505580798556577,2.086355810670338,0.17295949156982135,6.952884615384615,0.9259231356671072,3.0466653590737405,0.22118542263425608,8.878306878306878
4.0,1.0,360,2.1352363154988665,1.9135852937264608,0.1411963547070502,5.7846153846153845,0.8249048158482961,3.0694598291969117,0.2027626214768151,7.720899470899471
4.0,1.25,360,1.45433439704692,1.6556598678906131,0.11104631551496101,4.960576923076923,0.6617544460625,2.7040065558004085,0.17134934923315928,6.972222222222222
4.0,1.5,360,1.0260836439934446,1.4269154900855163,0.08743593502127602,4.337019230769231,0.6608720344222332,2.8770391445631467,0.17092893591119193,6.261904761904762
4.0,2.0,360,0.7006080962693038,1.289648588372069,0.06563197391183218,3.348076923076923,0.5341223788950149,2.7530133289127003,0.14405754009450505,5.148148148148148
4.0,2.5,360,0.5997983044945085,1.278379414805149,0.05796090185961471,2.648076923076923,0.48536629273782106,2.957878174656317,0.13292772947562173,4.347883597883598
2.0,0.2,720,2.4635327590437655,1.472036216264139,0.156173701723969,8.243269230769231,0.4341018217190893,1.3050658936907373,0.12475171136846679,8.71957671957672
2.0,0.3,720,2.440575590524027,1.4970021503942017,0.15510846595569347,7.459615384615384,0.5042891857559164,1.4814374404337107,0.140623452066211,8.152116402116402
2.0,0.4,720,2.285922271994225,1.4832542082777598,0.1492289791150065,6.880288461538462,0.5190481933739577,1.5514109573166668,0.14366427637293477,7.595238095238095
2.0,0.5,720,2.2060865814477504,1.4806021257026392,0.14605184651615974,6.391826923076923,0.522772661102046,1.5580073956533227,0.14448819363432708,7.255291005291006
2.0,0.7,720,1.9411488698531283,1.4734718220143048,0.13492448820210967,5.600480769230769,0.5096647546586004,1.593759588901937,0.14123860943976327,6.544973544973545
2.0,1.0,720,1.5776379815823605,1.398725693014865,0.11831969728422731,4.7072115384615385,0.5231123742048767,1.8412963719996518,0.14330702952518523,5.689153439153439
2.0,1.25,720,1.3919911492157904,1.373259622130283,0.10882310722655267,4.169711538461539,0.533610250726472,1.982528309004582,0.1452540699991712,5.115079365079365
2.0,1.5,720,1.3402169037118226,1.4374912382375362,0.10573606484273243,3.6346153846153846,0.5814998284662711,2.23410581434534,0.1552412124939406,4.698412698412699
2.0,2.0,720,1.0998638903552598,1.4298737626885665,0.09196430160764545,2.8875,0.39616503239028966,1.8229926038279904,0.11318710453206193,3.92989417989418
2.0,2.5,720,1.0271387338076554,1.544337353400956,0.0872182262110782,2.297596153846154,0.30496537784018196,1.5786424865237805,0.09037160141098521,3.308201058201058
2.5,0.2,720,3.2046528161254377,1.735301924347792,0.17938914961443314,7.8961538461538465,0.8277750813510223,2.2732005443464107,0.2051649602803233,9.165343915343914
2.5,0.3,720,3.188851338799833,1.7819576689844077,0.17861276865128722,7.115384615384615,0.8530484163933576,2.336728218482946,0.20969567746292203,8.604497354497354
2.5,0.4,720,3.159375251186657,1.8015795230835137,0.17759277181970545,6.534134615384615,0.8831289401410019,2.5113369548585367,0.21470068733198341,7.965608465608466
2.5,0.5,720,2.9469557246479248,1.787090443085481,0.17095734500541043,6.056730769230769,0.848433277007322,2.440310671791215,0.20848755623169446,7.60978835978836
2.5,0.7,720,2.4769985658556024,1.7300331644719462,0.15503014828202152,5.188461538461539,0.7197121342245967,2.228312699501959,0.18417580847647996,6.768518518518518
2.5,1.0,720,2.298559275493238,1.8445505153570758,0.14784279885474552,4.314903846153846,0.6554698960960468,2.3900124304174555,0.1706237722514203,5.863756613756614
2.5,1.25,720,2.0093749235304577,1.8187391553879577,0.13631710341489148,3.726923076923077,0.6250402381370863,2.4180001131644535,0.1641938083016643,5.232804232804233
2.5,1.5,720,1.5039612758117853,1.657316576395854,0.11357232120810606,3.2533653846153845,0.5795986089342442,2.4120253136831056,0.15448099553307537,4.641534391534392
2.5,2.0,720,1.3052877845855777,1.7307736333318195,0.10297787763906843,2.526923076923077,0.48382613459663926,2.3705778193329645,0.1331481043367585,3.7976190476190474
2.5,2.5,720,0.7468793434519485,1.356227595228863,0.0688816583842874,2.025,0.37193409657331467,2.1160149606942475,0.10669626257703271,3.2314814814814814
3.0,0.2,720,2.693383860126821,1.6234805366408078,0.16339104382106498,7.442788461538462,0.8947154291319894,2.4828971572580616,0.21690584581883932,8.80026455026455
3.0,0.3,720,2.6071937837857764,1.6459956858593292,0.16020117380763355,6.6663461538461535,0.8306962229274899,2.483028253119783,0.20503901316640363,8.208994708994709
3.0,0.4,720,2.483256494982115,1.652570485659154,0.1556642387501636,6.0115384615384615,0.8842986320839203,2.6015013696321,0.21465845342440565,7.701058201058201
3.0,0.5,720,2.2719212973070637,1.6226462287325714,0.1477898484562995,5.513461538461539,0.9801960839477073,2.9120871247182945,0.23096194180351048,7.246031746031746
3.0,0.7,720,2.3055027252738065,1.7420300584932804,0.14851375364127883,4.655769230769231,0.7528128511814336,2.609927501506051,0.18977817715441525,6.439153439153439
3.0,1.0,720,2.3816956037614245,1.9779439313202114,0.15054258738040438,3.7423076923076923,0.7213534570174776,2.814786108915025,0.18321285972927318,5.4523809523809526
3.0,1.25,720,2.1605409374221325,2.049802228354572,0.14184336215724092,3.2052884615384616,0.6211807363854045,2.6142513426309018,0.16304106525863488,4.888888888888889
3.0,1.5,720,1.605416050153437,1.9047517985517035,0.11795612827217566,2.7259615384615383,0.5859900927493731,2.680374149205643,0.15546029893081778,4.338624338624339
3.0,2.0,720,0.9874369820049027,1.6754287638861138,0.0844968718862121,2.0538461538461537,0.4840794749495607,2.648511656458975,0.13288706094569266,3.4616402116402116
3.0,2.5,720,0.6354366987656475,1.4137426436879894,0.060518412443058375,1.6173076923076923,0.4514231316774542,2.717721938786973,0.12527067294127267,2.8373015873015874
3.5,0.2,720,2.605600675187293,1.6196982273971627,0.16030360225895163,6.610096153846154,0.8686314924404144,2.48021451502422,0.2121232900597979,8.096560846560847
3.5,0.3,720,2.6284896679941143,1.689932004221695,0.16069606888874238,5.8865384615384615,1.0247047666687776,2.918149682404809,0.23857227725089294,7.4298941798941796
3.5,0.4,720,2.2976582553591296,1.6427693702678259,0.1486851525109646,5.242307692307692,0.9618210615214862,2.882665783986491,0.22783039652773077,6.906084656084656
3.5,0.5,720,2.24299688367215,1.6839356326459716,0.1463402932311373,4.798557692307693,0.956398148915373,3.003456016861044,0.2266339126161805,6.417989417989418
3.5,0.7,720,2.837864449728758,2.090381883353272,0.16614004922763007,4.000961538461539,0.7052812297975493,2.609697408053217,0.18035190943096208,5.5661375661375665
3.5,1.0,720,2.2533456662819806,2.088961832587435,0.14537717591968266,3.137019230769231,0.6052809694416177,2.5043437284110848,0.15984484637916255,4.682539682539683
3.5,1.25,720,1.5392517740821416,1.8548632205621813,0.11483547563200638,2.58125,0.641410532309858,2.863604630915543,0.1669329750517914,4.117724867724868
3.5,1.5,720,1.23964909475789,1.775916930771521,0.0992659014483634,2.1875,0.5294121429450367,2.636910769980514,0.1431362518371606,3.626984126984127
3.5,2.0,720,0.5595496564103057,1.2564957804157766,0.05479578162643253,1.6432692307692307,0.38435655319830064,2.3695187160938604,0.10949893861631706,2.9100529100529102
3.5,2.5,720,0.35365417461242865,0.9832676501737534,0.03741277466789952,1.2221153846153847,0.3027489667226342,2.122855406636845,0.08905096912323644,2.314814814814815
4.0,0.2,720,3.093791604190165,1.7802696669120368,0.17566490708611815,6.083173076923077,0.9260896807572214,2.6436935050728025,0.22209609536370642,7.661375661375661
4.0,0.3,720,2.3133239046417997,1.6158496207303163,0.14943773103121447,5.279807692307692,0.8135039692841151,2.5824160725015597,0.20152955703331088,6.894179894179894
4.0,0.4,720,2.043269292881299,1.5766213739222408,0.13872816425199763,4.653846153846154,0.8156927678781432,2.667177706680954,0.20174735152682255,6.191798941798941
4.0,0.5,720,2.1528058003799377,1.7036655051581824,0.14264992657970532,4.148076923076923,0.7896081648668005,2.7121118141118075,0.19668859277521236,5.712962962962963
4.0,0.7,720,2.619035891575976,2.12171856575498,0.15866220120840735,3.3576923076923078,0.6337069928558883,2.5515576952019052,0.1657728978042054,4.857142857142857
4.0,1.0,720,1.335507437263316,1.6623202196999616,0.1047684564295436,2.5716346153846152,0.5886599661865286,2.642103522973239,0.15608253807736083,4.005291005291006
4.0,1.25,720,1.092362549877604,1.6459371319469622,0.09098781721298445,2.0966346153846156,0.5355698192331624,2.7218396554198447,0.14441033925047936,3.492063492063492
4.0,1.5,720,0.6382263522650109,1.274342989970204,0.06095229359499896,1.7298076923076924,0.47365377451521784,2.6846694822922266,0.1304577090263527,3.0251322751322753
4.0,2.0,720,0.36218804645922087,0.9869292930210892,0.03819825231471487,1.2259615384615385,0.34581201082752,2.410441524107347,0.09987376087656241,2.3055555555555554
4.0,2.5,720,0.2255829714628219,0.7640117265517707,0.02518911105356731,0.9235576923076924,0.18471842789055226,1.6075891583959123,0.057137791449529206,1.8544973544973544
