formation,holding,quantile,residualize,spread_mult,rebalance_every,tier,n_periods,avg_names,gross_sharpe,net_sharpe,gross_mean_bps,net_mean_bps,gross_ann_return,net_ann_return,avg_turnover,avg_cost_bps,mean_ic,net_max_drawdown,hit_rate
3,3,0.1,demean,1.0,3,T1_liquid,2486,19.045856798069188,-1.5243976936532526,-4.74133420557738,-9.117962508971445,-28.373776909440913,-0.6656112631549154,-2.0712857143891865,1.671724906228124,19.255814400469472,-0.008252100524747773,-0.999412866410434,0.43925985518905875
3,3,0.1,demean,1.0,3,T2_mid,2486,18.983105390185035,0.20977340457166055,-4.990481159857813,1.2074261523843466,-28.733610616000572,0.0881421091240573,-2.0975535749680416,1.711095569532818,29.941036768384922,-0.031841733661228715,-0.9994306819395531,0.4324215607401448
3,3,0.1,demean,1.0,3,T3_illiquid,2486,18.942880128720837,0.6667085210868418,-8.86188170384189,3.6862662483685535,-49.100282863889525,0.2690974361309044,-3.5843206490639354,1.7708401246112426,52.78654911225809,-0.051247279619191094,-0.9999967162240567,0.3278358809332261
3,3,0.1,none,1.0,3,T1_liquid,2486,19.045856798069188,-1.5243976936532526,-4.74133420557738,-9.117962508971445,-28.373776909440913,-0.6656112631549154,-2.0712857143891865,1.671724906228124,19.255814400469472,-0.008252100524747773,-0.999412866410434,0.43925985518905875
3,3,0.1,none,1.0,3,T2_mid,2486,18.983105390185035,0.20977340457166055,-4.990481159857813,1.2074261523843466,-28.733610616000572,0.0881421091240573,-2.0975535749680416,1.711095569532818,29.941036768384922,-0.031841733661228715,-0.9994306819395531,0.4324215607401448
3,3,0.1,none,1.0,3,T3_illiquid,2486,18.942880128720837,0.6667085210868418,-8.86188170384189,3.6862662483685535,-49.100282863889525,0.2690974361309044,-3.5843206490639354,1.7708401246112426,52.78654911225809,-0.051247279619191094,-0.9999967162240567,0.3278358809332261
3,3,0.2,demean,1.0,3,T1_liquid,2486,39.16492357200322,-2.153019409048377,-6.797167330407908,-8.188072793367672,-25.855572780181028,-0.59772931391584,-1.8874568129532152,1.5329766372632319,17.667499986813354,-0.008252100524747773,-0.9986228142411897,0.38857602574416733
3,3,0.2,demean,1.0,3,T2_mid,2486,39.02413515687852,-0.2933951233904871,-7.86387284921837,-1.0775810015774077,-28.89954984226144,-0.07866341311515075,-2.109667138485085,1.586786779149985,27.82196884068403,-0.031841733661228715,-0.9993463500540563,0.3684633950120676
3,3,0.2,demean,1.0,3,T3_illiquid,2486,38.9195494770716,1.0271563146449816,-12.613217769218243,3.6687324071264613,-45.140819676754525,0.2678174657202317,-3.2952798364030804,1.6346926758713571,48.80955208388098,-0.051247279619191094,-0.9999885961348828,0.24497184231697505
3,3,0.2,none,1.0,3,T1_liquid,2486,39.16492357200322,-2.153019409048377,-6.797167330407908,-8.188072793367672,-25.855572780181028,-0.59772931391584,-1.8874568129532152,1.5329766372632319,17.667499986813354,-0.008252100524747773,-0.9986228142411897,0.38857602574416733
3,3,0.2,none,1.0,3,T2_mid,2486,39.02413515687852,-0.2933951233904871,-7.86387284921837,-1.0775810015774077,-28.89954984226144,-0.07866341311515075,-2.109667138485085,1.586786779149985,27.82196884068403,-0.031841733661228715,-0.9993463500540563,0.3684633950120676
3,3,0.2,none,1.0,3,T3_illiquid,2486,38.9195494770716,1.0271563146449816,-12.613217769218243,3.6687324071264613,-45.140819676754525,0.2678174657202317,-3.2952798364030804,1.6346926758713571,48.80955208388098,-0.051247279619191094,-0.9999885961348828,0.24497184231697505
3,3,0.3,demean,1.0,3,T1_liquid,2486,59.05711987127916,-2.2106388531598764,-7.812727384273419,-6.360715176555667,-22.490076544825797,-0.4643322078885637,-1.641775587772283,1.3988672046436292,16.12936136827013,-0.008252100524747773,-0.9965538153853112,0.37369267900241354
3,3,0.3,demean,1.0,3,T2_mid,2486,58.71761866452132,-0.6198448906550904,-9.82909442406824,-1.7074169810476179,-27.103920163824487,-0.12464143961647611,-1.9785861719591875,1.4467559612635925,25.39650318277687,-0.031841733661228715,-0.998876348535929,0.33024939662107805
3,3,0.3,demean,1.0,3,T3_illiquid,2486,58.50603378921963,0.7636604249246854,-15.027555218229464,2.13594025417225,-42.08900289019321,0.15592363855457428,-3.0724972109841038,1.4803749437522256,44.22494314436546,-0.051247279619191094,-0.9999739603419914,0.21440064360418343
3,3,0.3,none,1.0,3,T1_liquid,2486,59.05711987127916,-2.2106388531598764,-7.812727384273419,-6.360715176555667,-22.490076544825797,-0.4643322078885637,-1.641775587772283,1.3988672046436292,16.12936136827013,-0.008252100524747773,-0.9965538153853112,0.37369267900241354
3,3,0.3,none,1.0,3,T2_mid,2486,58.71761866452132,-0.6198448906550904,-9.82909442406824,-1.7074169810476179,-27.103920163824487,-0.12464143961647611,-1.9785861719591875,1.4467559612635925,25.39650318277687,-0.031841733661228715,-0.998876348535929,0.33024939662107805
3,3,0.3,none,1.0,3,T3_illiquid,2486,58.50603378921963,0.7636604249246854,-15.027555218229464,2.13594025417225,-42.08900289019321,0.15592363855457428,-3.0724972109841038,1.4803749437522256,44.22494314436546,-0.051247279619191094,-0.9999739603419914,0.21440064360418343
3,6,0.1,demean,1.0,6,T1_liquid,1243,19.050683829444893,0.48375080023835837,-1.055634911165597,6.100734061071239,-13.315231972091095,0.22267679322910022,-0.486005966981325,1.6834773432520818,19.415966033162334,-0.01912435716768792,-0.8704870598017794,0.4891391794046661
3,6,0.1,demean,1.0,6,T2_mid,1243,18.98793242156074,2.338138793124998,-0.10371682980625321,28.99157433639557,-1.2858898163954142,1.0581924632784383,-0.04693497829843262,1.7304341832298389,30.27746415279098,-0.04179703008645556,-0.5833001669707722,0.5108608205953339
3,6,0.1,demean,1.0,6,T3_illiquid,1243,18.942880128720837,2.348963688502323,-2.188278094599161,27.149661868460292,-25.289833192771496,0.9909626581988007,-0.9230789115361596,1.7660997110514405,52.43949506123178,-0.07104318427370142,-0.9685812671989987,0.4424778761061947
3,6,0.1,none,1.0,6,T1_liquid,1243,19.050683829444893,0.48375080023835837,-1.055634911165597,6.100734061071239,-13.315231972091095,0.22267679322910022,-0.486005966981325,1.6834773432520818,19.415966033162334,-0.01912435716768792,-0.8704870598017794,0.4891391794046661
3,6,0.1,none,1.0,6,T2_mid,1243,18.98793242156074,2.338138793124998,-0.10371682980625321,28.99157433639557,-1.2858898163954142,1.0581924632784383,-0.04693497829843262,1.7304341832298389,30.27746415279098,-0.04179703008645556,-0.5833001669707722,0.5108608205953339
3,6,0.1,none,1.0,6,T3_illiquid,1243,18.942880128720837,2.348963688502323,-2.188278094599161,27.149661868460292,-25.289833192771496,0.9909626581988007,-0.9230789115361596,1.7660997110514405,52.43949506123178,-0.07104318427370142,-0.9685812671989987,0.4424778761061947
3,6,0.2,demean,1.0,6,T1_liquid,1243,39.17135961383749,0.07092578844236705,-2.1295920600764036,0.5686491910926881,-17.08861006454323,0.020755695474883117,-0.6237342673558278,1.5290952410698508,17.657259255635918,-0.01912435716768792,-0.8978192715198814,0.4569589702333065
3,6,0.2,demean,1.0,6,T2_mid,1243,39.02654867256637,1.5959068788700044,-1.948383835956667,12.39259556100919,-15.12753464043584,0.4523297379768354,-0.5521550143759082,1.5673442965901063,27.520130201445035,-0.04179703008645556,-0.8695584959354131,0.4666130329847144
3,6,0.2,demean,1.0,6,T3_illiquid,1243,38.921962992759454,2.9080916081335793,-3.634942237494997,21.229837184836654,-26.512203036460186,0.7748890572465379,-0.9676954108307968,1.6039510378346562,47.74204022129683,-0.07104318427370142,-0.9659033648481359,0.4030571198712792
3,6,0.2,none,1.0,6,T1_liquid,1243,39.17135961383749,0.07092578844236705,-2.1295920600764036,0.5686491910926881,-17.08861006454323,0.020755695474883117,-0.6237342673558278,1.5290952410698508,17.657259255635918,-0.01912435716768792,-0.8978192715198814,0.4569589702333065
3,6,0.2,none,1.0,6,T2_mid,1243,39.02654867256637,1.5959068788700044,-1.948383835956667,12.39259556100919,-15.12753464043584,0.4523297379768354,-0.5521550143759082,1.5673442965901063,27.520130201445035,-0.04179703008645556,-0.8695584959354131,0.4666130329847144
3,6,0.2,none,1.0,6,T3_illiquid,1243,38.921962992759454,2.9080916081335793,-3.634942237494997,21.229837184836654,-26.512203036460186,0.7748890572465379,-0.9676954108307968,1.6039510378346562,47.74204022129683,-0.07104318427370142,-0.9659033648481359,0.4030571198712792
3,6,0.3,demean,1.0,6,T1_liquid,1243,59.05872888173773,0.04521324256126636,-2.5269076927229808,0.2796451666805736,-15.639841534502386,0.010207048583840937,-0.5708542160093371,1.3776228807084827,15.919486701182961,-0.01912435716768792,-0.8686541370468394,0.4489139179404666
3,6,0.3,demean,1.0,6,T2_mid,1243,58.730490748189865,1.143120632761588,-2.9873210192319055,6.859521440153411,-17.930259065986775,0.2503725325655995,-0.6544544559085174,1.4088089552173706,24.789780506140186,-0.04179703008645556,-0.8986619111064424,0.4239742558326629
3,6,0.3,demean,1.0,6,T3_illiquid,1243,58.511665325824616,2.5492477340803625,-4.829563130711568,14.701624235623653,-27.820129735352875,0.5366092846002632,-1.0154347353403799,1.42767689127981,42.521753970976526,-0.07104318427370142,-0.9698945856275663,0.3563958165728077
3,6,0.3,none,1.0,6,T1_liquid,1243,59.05872888173773,0.04521324256126636,-2.5269076927229808,0.2796451666805736,-15.639841534502386,0.010207048583840937,-0.5708542160093371,1.3776228807084827,15.919486701182961,-0.01912435716768792,-0.8686541370468394,0.4489139179404666
3,6,0.3,none,1.0,6,T2_mid,1243,58.730490748189865,1.143120632761588,-2.9873210192319055,6.859521440153411,-17.930259065986775,0.2503725325655995,-0.6544544559085174,1.4088089552173706,24.789780506140186,-0.04179703008645556,-0.8986619111064424,0.4239742558326629
3,6,0.3,none,1.0,6,T3_illiquid,1243,58.511665325824616,2.5492477340803625,-4.829563130711568,14.701624235623653,-27.820129735352875,0.5366092846002632,-1.0154347353403799,1.42767689127981,42.521753970976526,-0.07104318427370142,-0.9698945856275663,0.3563958165728077
3,12,0.1,demean,1.0,12,T1_liquid,622,19.04823151125402,-0.14591816734753216,-1.022536693359971,-3.2736046083512202,-22.932914780583413,-0.05974328410240977,-0.4185256947456473,1.7007676094894748,19.659310172232203,-0.010301116558981062,-0.8256808714645338,0.4790996784565916
3,12,0.1,demean,1.0,12,T2_mid,622,18.990353697749196,1.0519120920784784,-0.40869181226835427,22.214860614082937,-8.631598334033969,0.4054212062070136,-0.15752666959611994,1.7602172969938243,30.846458948116904,-0.029347274554698762,-0.6247217627061851,0.5
3,12,0.1,demean,1.0,12,T3_illiquid,622,18.94855305466238,1.7156513163186122,-0.7495616258519066,36.61228992488906,-16.00851654066218,0.6681742911292254,-0.2921554268670848,1.7815164158813677,52.62080646555124,-0.054052997940791915,-0.7847381990460051,0.46141479099678456
3,12,0.1,none,1.0,12,T1_liquid,622,19.04823151125402,-0.14591816734753216,-1.022536693359971,-3.2736046083512202,-22.932914780583413,-0.05974328410240977,-0.4185256947456473,1.7007676094894748,19.659310172232203,-0.010301116558981062,-0.8256808714645338,0.4790996784565916
3,12,0.1,none,1.0,12,T2_mid,622,18.990353697749196,1.0519120920784784,-0.40869181226835427,22.214860614082937,-8.631598334033969,0.4054212062070136,-0.15752666959611994,1.7602172969938243,30.846458948116904,-0.029347274554698762,-0.6247217627061851,0.5
3,12,0.1,none,1.0,12,T3_illiquid,622,18.94855305466238,1.7156513163186122,-0.7495616258519066,36.61228992488906,-16.00851654066218,0.6681742911292254,-0.2921554268670848,1.7815164158813677,52.62080646555124,-0.054052997940791915,-0.7847381990460051,0.46141479099678456
3,12,0.2,demean,1.0,12,T1_liquid,622,39.167202572347264,-0.12159714878319738,-1.3727236236618827,-1.730049333434596,-19.53110998607388,-0.03157340033518138,-0.35644275724584834,1.537118247238296,17.801060652639286,-0.010301116558981062,-0.7450285141725639,0.44694533762057875
3,12,0.2,demean,1.0,12,T2_mid,622,39.032154340836016,0.8624274066350989,-1.154724619227779,12.010998803028128,-16.07396306428532,0.21920072815526334,-0.2933498259232071,1.5937180393401895,28.08496186731345,-0.029347274554698762,-0.6794091961166183,0.45980707395498394
3,12,0.2,demean,1.0,12,T3_illiquid,622,38.91961414790997,1.746992006394871,-1.8691475000554438,22.860239084961215,-24.49098956244672,0.4171993633005422,-0.4469605595146527,1.5988496171813014,47.351228647407936,-0.054052997940791915,-0.8077672479467508,0.42765273311897106
3,12,0.2,none,1.0,12,T1_liquid,622,39.167202572347264,-0.12159714878319738,-1.3727236236618827,-1.730049333434596,-19.53110998607388,-0.03157340033518138,-0.35644275724584834,1.537118247238296,17.801060652639286,-0.010301116558981062,-0.7450285141725639,0.44694533762057875
3,12,0.2,none,1.0,12,T2_mid,622,39.032154340836016,0.8624274066350989,-1.154724619227779,12.010998803028128,-16.07396306428532,0.21920072815526334,-0.2933498259232071,1.5937180393401895,28.08496186731345,-0.029347274554698762,-0.6794091961166183,0.45980707395498394
3,12,0.2,none,1.0,12,T3_illiquid,622,38.91961414790997,1.746992006394871,-1.8691475000554438,22.860239084961215,-24.49098956244672,0.4171993633005422,-0.4469605595146527,1.5988496171813014,47.351228647407936,-0.054052997940791915,-0.8077672479467508,0.42765273311897106
3,12,0.3,demean,1.0,12,T1_liquid,622,59.054662379421224,-0.08875630450757413,-1.550668772678909,-0.9732279205841103,-17.008684465224817,-0.017761409550660013,-0.31040849149035293,1.3829029041453351,16.035456544640713,-0.010301116558981062,-0.6781456287935133,0.4533762057877814
3,12,0.3,demean,1.0,12,T2_mid,622,58.72990353697749,0.6140015638429711,-1.672458845383619,6.778350434105848,-18.463795123605646,0.12370489542243172,-0.336964261005803,1.4277232661217976,25.242145557711492,-0.029347274554698762,-0.698920712460626,0.44855305466237944
3,12,0.3,demean,1.0,12,T3_illiquid,622,58.51768488745981,1.6553373236057543,-2.161572481452792,18.280608956240812,-23.886511764144796,0.3336211134513948,-0.43592883969564256,1.422996756728159,42.16712072038561,-0.054052997940791915,-0.799182627514337,0.41318327974276525
3,12,0.3,none,1.0,12,T1_liquid,622,59.054662379421224,-0.08875630450757413,-1.550668772678909,-0.9732279205841103,-17.008684465224817,-0.017761409550660013,-0.31040849149035293,1.3829029041453351,16.035456544640713,-0.010301116558981062,-0.6781456287935133,0.4533762057877814
3,12,0.3,none,1.0,12,T2_mid,622,58.72990353697749,0.6140015638429711,-1.672458845383619,6.778350434105848,-18.463795123605646,0.12370489542243172,-0.336964261005803,1.4277232661217976,25.242145557711492,-0.029347274554698762,-0.698920712460626,0.44855305466237944
3,12,0.3,none,1.0,12,T3_illiquid,622,58.51768488745981,1.6553373236057543,-2.161572481452792,18.280608956240812,-23.886511764144796,0.3336211134513948,-0.43592883969564256,1.422996756728159,42.16712072038561,-0.054052997940791915,-0.799182627514337,0.41318327974276525
3,24,0.1,demean,1.0,24,T1_liquid,311,19.05466237942122,0.060354793499739275,-0.4132901874158759,2.530177052592164,-17.318317539632332,0.023087865604903494,-0.15802964754914503,1.7123035592488969,19.848494592224494,-0.008119112059176443,-0.5387079370827108,0.4887459807073955
3,24,0.1,demean,1.0,24,T2_mid,311,18.9967845659164,0.7075697502113094,-0.057671509044173286,28.90331225458218,-2.3552779828866823,0.2637427243230624,-0.021491911593840975,1.778610287533117,31.258590237468855,-0.029772311603811486,-0.6269184418959801,0.5498392282958199
3,24,0.1,demean,1.0,24,T3_illiquid,311,18.964630225080384,1.1627535076376498,-0.10917646301768817,48.24059069440092,-4.534436767865291,0.4401953900864084,-0.041376735506770776,1.8017923841074965,52.77502746226622,-0.05653421590075332,-0.5056973466283917,0.5080385852090032
3,24,0.1,none,1.0,24,T1_liquid,311,19.05466237942122,0.060354793499739275,-0.4132901874158759,2.530177052592164,-17.318317539632332,0.023087865604903494,-0.15802964754914503,1.7123035592488969,19.848494592224494,-0.008119112059176443,-0.5387079370827108,0.4887459807073955
3,24,0.1,none,1.0,24,T2_mid,311,18.9967845659164,0.7075697502113094,-0.057671509044173286,28.90331225458218,-2.3552779828866823,0.2637427243230624,-0.021491911593840975,1.778610287533117,31.258590237468855,-0.029772311603811486,-0.6269184418959801,0.5498392282958199
3,24,0.1,none,1.0,24,T3_illiquid,311,18.964630225080384,1.1627535076376498,-0.10917646301768817,48.24059069440092,-4.534436767865291,0.4401953900864084,-0.041376735506770776,1.8017923841074965,52.77502746226622,-0.05653421590075332,-0.5056973466283917,0.5080385852090032
3,24,0.2,demean,1.0,24,T1_liquid,311,39.18327974276527,-0.5027184804850665,-1.1580322141044768,-13.90327523630418,-32.013748133976414,-0.12686738653127566,-0.29212545172253473,1.555928517580364,18.11047289767223,-0.008119112059176443,-0.6545644480336911,0.4887459807073955
3,24,0.2,demean,1.0,24,T2_mid,311,39.035369774919616,0.2991849164652932,-0.7190048016934067,8.40498157401219,-20.197159423204976,0.07669545686286124,-0.18429907973674542,1.6145016096973859,28.602140997217163,-0.029772311603811486,-0.5670370211090485,0.5048231511254019
3,24,0.2,demean,1.0,24,T3_illiquid,311,38.945337620578776,1.1164151512951326,-0.6808495772954594,29.745144239845864,-18.159361468810133,0.2714244411885935,-0.16570417340289245,1.630592186912415,47.90450570865599,-0.05653421590075332,-0.5026708677636007,0.45016077170418006
3,24,0.2,none,1.0,24,T1_liquid,311,39.18327974276527,-0.5027184804850665,-1.1580322141044768,-13.90327523630418,-32.013748133976414,-0.12686738653127566,-0.29212545172253473,1.555928517580364,18.11047289767223,-0.008119112059176443,-0.6545644480336911,0.4887459807073955
3,24,0.2,none,1.0,24,T2_mid,311,39.035369774919616,0.2991849164652932,-0.7190048016934067,8.40498157401219,-20.197159423204976,0.07669545686286124,-0.18429907973674542,1.6145016096973859,28.602140997217163,-0.029772311603811486,-0.5670370211090485,0.5048231511254019
3,24,0.2,none,1.0,24,T3_illiquid,311,38.945337620578776,1.1164151512951326,-0.6808495772954594,29.745144239845864,-18.159361468810133,0.2714244411885935,-0.16570417340289245,1.630592186912415,47.90450570865599,-0.05653421590075332,-0.5026708677636007,0.45016077170418006
3,24,0.3,demean,1.0,24,T1_liquid,311,59.067524115755624,-0.4282551353687323,-1.1679009695163025,-9.457102755842136,-25.763251035053127,-0.0862960626470595,-0.23508966569485978,1.3968616164033747,16.306148279210998,-0.008119112059176443,-0.5677612246583307,0.45980707395498394
3,24,0.3,demean,1.0,24,T2_mid,311,58.758842443729904,0.03810392563725012,-1.1087954740413852,0.855463746253784,-24.897054552192383,0.007806106684565778,-0.22718562278875548,1.4449140646808958,25.752518298446162,-0.029772311603811486,-0.5737518630426499,0.4565916398713826
3,24,0.3,demean,1.0,24,T3_illiquid,311,58.559485530546624,1.1495988467041813,-0.731017720956728,25.945623307214202,-16.517437209030795,0.2367538126783296,-0.150721614532406,1.4455802478095392,42.46306051624501,-0.05653421590075332,-0.4442556365828738,0.3890675241157556
3,24,0.3,none,1.0,24,T1_liquid,311,59.067524115755624,-0.4282551353687323,-1.1679009695163025,-9.457102755842136,-25.763251035053127,-0.0862960626470595,-0.23508966569485978,1.3968616164033747,16.306148279210998,-0.008119112059176443,-0.5677612246583307,0.45980707395498394
3,24,0.3,none,1.0,24,T2_mid,311,58.758842443729904,0.03810392563725012,-1.1087954740413852,0.855463746253784,-24.897054552192383,0.007806106684565778,-0.22718562278875548,1.4449140646808958,25.752518298446162,-0.029772311603811486,-0.5737518630426499,0.4565916398713826
3,24,0.3,none,1.0,24,T3_illiquid,311,58.559485530546624,1.1495988467041813,-0.731017720956728,25.945623307214202,-16.517437209030795,0.2367538126783296,-0.150721614532406,1.4455802478095392,42.46306051624501,-0.05653421590075332,-0.4442556365828738,0.3890675241157556
6,3,0.1,demean,1.0,3,T1_liquid,2486,19.045856798069188,0.29944900894069704,-1.9380276852560376,1.9015837568611103,-12.310598097889125,0.13881561425086106,-0.8986736611459061,1.2332705575465028,14.21218185475024,-0.020440582806888225,-0.9679449886197287,0.4666130329847144
6,3,0.1,demean,1.0,3,T2_mid,2486,18.983105390185035,2.0881554418570487,-1.7360352940869215,12.406604953407012,-10.32844461058714,0.9056821615987118,-0.7539764565728612,1.3003380402113305,22.735049563994153,-0.04201629702151432,-0.9437599744860427,0.4786806114239743
6,3,0.1,demean,1.0,3,T3_illiquid,2486,18.942880128720837,2.5778452484289,-4.97698054010492,13.84242919338672,-26.81627345558896,1.0104973311172305,-1.9575879622579941,1.3669631320677176,40.658702648975684,-0.06803754855353321,-0.9990588809801463,0.4094931617055511
6,3,0.1,none,1.0,3,T1_liquid,2486,19.045856798069188,0.29944900894069704,-1.9380276852560376,1.9015837568611103,-12.310598097889125,0.13881561425086106,-0.8986736611459061,1.2332705575465028,14.21218185475024,-0.020440582806888225,-0.9679449886197287,0.4666130329847144
6,3,0.1,none,1.0,3,T2_mid,2486,18.983105390185035,2.0881554418570487,-1.7360352940869215,12.406604953407012,-10.32844461058714,0.9056821615987118,-0.7539764565728612,1.3003380402113305,22.735049563994153,-0.04201629702151432,-0.9437599744860427,0.4786806114239743
6,3,0.1,none,1.0,3,T3_illiquid,2486,18.942880128720837,2.5778452484289,-4.97698054010492,13.84242919338672,-26.81627345558896,1.0104973311172305,-1.9575879622579941,1.3669631320677176,40.658702648975684,-0.06803754855353321,-0.9990588809801463,0.4094931617055511
6,3,0.2,demean,1.0,3,T1_liquid,2486,39.16492357200322,-0.06327470811701091,-3.232644840191191,-0.2511035212415739,-12.841949903366723,-0.018330557050634896,-0.9374623429457708,1.0914800474035413,12.590846382125147,-0.020440582806888225,-0.9646398672967206,0.45172968624296056
6,3,0.2,demean,1.0,3,T2_mid,2486,39.02413515687852,1.7267485998313523,-3.6706687166270986,6.4421669967694895,-13.716256486750463,0.4702781907641727,-1.0012867235327838,1.1495187634715485,20.158423483519957,-0.04201629702151432,-0.9700289703347659,0.4340305711987128
6,3,0.2,demean,1.0,3,T3_illiquid,2486,38.9195494770716,2.8365618410917937,-6.9679762388477515,10.322877736878963,-25.45811528878046,0.7535700747921643,-1.8584424160809734,1.200456123627497,35.78099302565942,-0.06803754855353321,-0.9984233779908315,0.3588093322606597
6,3,0.2,none,1.0,3,T1_liquid,2486,39.16492357200322,-0.06327470811701091,-3.232644840191191,-0.2511035212415739,-12.841949903366723,-0.018330557050634896,-0.9374623429457708,1.0914800474035413,12.590846382125147,-0.020440582806888225,-0.9646398672967206,0.45172968624296056
6,3,0.2,none,1.0,3,T2_mid,2486,39.02413515687852,1.7267485998313523,-3.6706687166270986,6.4421669967694895,-13.716256486750463,0.4702781907641727,-1.0012867235327838,1.1495187634715485,20.158423483519957,-0.04201629702151432,-0.9700289703347659,0.4340305711987128
6,3,0.2,none,1.0,3,T3_illiquid,2486,38.9195494770716,2.8365618410917937,-6.9679762388477515,10.322877736878963,-25.45811528878046,0.7535700747921643,-1.8584424160809734,1.200456123627497,35.78099302565942,-0.06803754855353321,-0.9984233779908315,0.3588093322606597
6,3,0.3,demean,1.0,3,T1_liquid,2486,59.05711987127916,-0.25006693900333626,-3.9620530287837306,-0.7549845065336014,-11.982976806724837,-0.055113868976952904,-0.8747573068909131,0.972608406523465,11.227992300191238,-0.020440582806888225,-0.9526396783304489,0.43845534995977475
6,3,0.3,demean,1.0,3,T2_mid,2486,58.716814159292035,1.4733874685607844,-4.882028305898058,4.136788687815651,-13.741720730388296,0.3019855742105425,-1.0031456133183456,1.0173594804947061,17.878509418203947,-0.04201629702151432,-0.9688915047311185,0.42115848753016893
6,3,0.3,demean,1.0,3,T3_illiquid,2486,58.50603378921963,2.736670502365091,-7.982117349459216,7.980058990638453,-23.36387490827572,0.582544306316607,-1.7055628683041275,1.0509675105246314,31.343933898914173,-0.06803754855353321,-0.997238531716856,0.3278358809332261
6,3,0.3,none,1.0,3,T1_liquid,2486,59.05711987127916,-0.25006693900333626,-3.9620530287837306,-0.7549845065336014,-11.982976806724837,-0.055113868976952904,-0.8747573068909131,0.972608406523465,11.227992300191238,-0.020440582806888225,-0.9526396783304489,0.43845534995977475
6,3,0.3,none,1.0,3,T2_mid,2486,58.716814159292035,1.4733874685607844,-4.882028305898058,4.136788687815651,-13.741720730388296,0.3019855742105425,-1.0031456133183456,1.0173594804947061,17.878509418203947,-0.04201629702151432,-0.9688915047311185,0.42115848753016893
6,3,0.3,none,1.0,3,T3_illiquid,2486,58.50603378921963,2.736670502365091,-7.982117349459216,7.980058990638453,-23.36387490827572,0.582544306316607,-1.7055628683041275,1.0509675105246314,31.343933898914173,-0.06803754855353321,-0.997238531716856,0.3278358809332261
6,6,0.1,demean,1.0,6,T1_liquid,1243,19.050683829444893,1.0449805955044433,-0.3940349417899069,14.081851276182832,-5.312800128102524,0.5139875715806733,-0.1939172046757421,1.6819629463233645,19.394651404285355,-0.0330528142980567,-0.6903719077239786,0.498793242156074
6,6,0.1,demean,1.0,6,T2_mid,1243,18.98793242156074,2.7369946325998873,0.3684372168275072,35.24055618355101,4.745881931259088,1.2862803006996117,0.17322469049095673,1.7434814760639379,30.494674252291908,-0.057078578925860074,-0.5868685283447049,0.5414320193081255
6,6,0.1,demean,1.0,6,T3_illiquid,1243,18.942880128720837,3.304970966650646,-1.402578761189972,37.339782646619234,-15.848760924652623,1.362902066601602,-0.5784797737498207,1.791551476145201,53.18854357127185,-0.08859690062393502,-0.9009709340817494,0.4899436846339501
6,6,0.1,none,1.0,6,T1_liquid,1243,19.050683829444893,1.0449805955044433,-0.3940349417899069,14.081851276182832,-5.312800128102524,0.5139875715806733,-0.1939172046757421,1.6819629463233645,19.394651404285355,-0.0330528142980567,-0.6903719077239786,0.498793242156074
6,6,0.1,none,1.0,6,T2_mid,1243,18.98793242156074,2.7369946325998873,0.3684372168275072,35.24055618355101,4.745881931259088,1.2862803006996117,0.17322469049095673,1.7434814760639379,30.494674252291908,-0.057078578925860074,-0.5868685283447049,0.5414320193081255
6,6,0.1,none,1.0,6,T3_illiquid,1243,18.942880128720837,3.304970966650646,-1.402578761189972,37.339782646619234,-15.848760924652623,1.362902066601602,-0.5784797737498207,1.791551476145201,53.18854357127185,-0.08859690062393502,-0.9009709340817494,0.4899436846339501
6,6,0.2,demean,1.0,6,T1_liquid,1243,39.17135961383749,1.1262791255932887,-1.0546258960305448,9.209040362265064,-8.634323514047946,0.3361299732226748,-0.31515280826275,1.5456818608626475,17.843363876313006,-0.0330528142980567,-0.7214262576877075,0.4827031375703942
6,6,0.2,demean,1.0,6,T2_mid,1243,39.02654867256637,2.804348061438414,-0.8590033392502815,21.53854600296514,-6.601531339585352,0.7861569291082277,-0.24095589389486538,1.603489302387221,28.14007734255049,-0.057078578925860074,-0.6117564895944059,0.4891391794046661
6,6,0.2,demean,1.0,6,T3_illiquid,1243,38.921962992759454,3.513191541311301,-2.8934357915112554,27.07781241957768,-22.297579048026567,0.9883401533145852,-0.8138616352529696,1.6585381093556009,49.375391467604246,-0.08859690062393502,-0.9509636154284109,0.4231697506033789
6,6,0.2,none,1.0,6,T1_liquid,1243,39.17135961383749,1.1262791255932887,-1.0546258960305448,9.209040362265064,-8.634323514047946,0.3361299732226748,-0.31515280826275,1.5456818608626475,17.843363876313006,-0.0330528142980567,-0.7214262576877075,0.4827031375703942
6,6,0.2,none,1.0,6,T2_mid,1243,39.02654867256637,2.804348061438414,-0.8590033392502815,21.53854600296514,-6.601531339585352,0.7861569291082277,-0.24095589389486538,1.603489302387221,28.14007734255049,-0.057078578925860074,-0.6117564895944059,0.4891391794046661
6,6,0.2,none,1.0,6,T3_illiquid,1243,38.921962992759454,3.513191541311301,-2.8934357915112554,27.07781241957768,-22.297579048026567,0.9883401533145852,-0.8138616352529696,1.6585381093556009,49.375391467604246,-0.08859690062393502,-0.9509636154284109,0.4231697506033789
6,6,0.3,demean,1.0,6,T1_liquid,1243,59.05872888173773,1.0123773551752746,-1.5721062076611576,6.368853869145412,-9.905792799705472,0.23246316622380755,-0.36156143718924966,1.4085612254721014,16.274646668850885,-0.0330528142980567,-0.7389804350156891,0.4593724859211585
6,6,0.3,demean,1.0,6,T2_mid,1243,58.72888173773129,2.723427030476938,-1.7807577516552813,15.537485810101204,-10.166143870795898,0.5671182320686939,-0.3710642512840503,1.4612979046820804,25.7036296808971,-0.057078578925860074,-0.7276482104738451,0.46178600160901045
6,6,0.3,demean,1.0,6,T3_illiquid,1243,58.511665325824616,3.3298335559589076,-4.113034879134969,19.961733176009446,-24.69114069175931,0.7286032609243448,-0.9012266352492148,1.4989080063446694,44.652873867768754,-0.08859690062393502,-0.9568859998008753,0.39581657280772325
6,6,0.3,none,1.0,6,T1_liquid,1243,59.05872888173773,1.0123773551752746,-1.5721062076611576,6.368853869145412,-9.905792799705472,0.23246316622380755,-0.36156143718924966,1.4085612254721014,16.274646668850885,-0.0330528142980567,-0.7389804350156891,0.4593724859211585
6,6,0.3,none,1.0,6,T2_mid,1243,58.72888173773129,2.723427030476938,-1.7807577516552813,15.537485810101204,-10.166143870795898,0.5671182320686939,-0.3710642512840503,1.4612979046820804,25.7036296808971,-0.057078578925860074,-0.7276482104738451,0.46178600160901045
6,6,0.3,none,1.0,6,T3_illiquid,1243,58.511665325824616,3.3298335559589076,-4.113034879134969,19.961733176009446,-24.69114069175931,0.7286032609243448,-0.9012266352492148,1.4989080063446694,44.652873867768754,-0.08859690062393502,-0.9568859998008753,0.39581657280772325
6,12,0.1,demean,1.0,12,T1_liquid,622,19.04823151125402,0.5644393145786576,-0.2625205364899513,13.354806422463355,-6.21290070740213,0.24372521720995624,-0.11338543791008887,1.6929274949773343,19.567707129865493,-0.02566062381651845,-0.6089381452121296,0.5096463022508039
6,12,0.1,demean,1.0,12,T2_mid,622,18.990353697749196,2.316258641355376,0.9017437235230428,50.35720210321637,19.599635059907772,0.9190189383836989,0.35769333984331686,1.7561739930309062,30.757567043308605,-0.046270102108050847,-0.22685468520224095,0.5144694533762058
6,12,0.1,demean,1.0,12,T3_illiquid,622,18.94855305466238,2.4536657242257003,0.09831033835322593,54.831702786894375,2.198266013324962,1.0006785758608223,0.040118354743180554,1.7834728776047104,52.63343677356941,-0.0671845776969679,-0.4049703228249125,0.4871382636655949
6,12,0.1,none,1.0,12,T1_liquid,622,19.04823151125402,0.5644393145786576,-0.2625205364899513,13.354806422463355,-6.21290070740213,0.24372521720995624,-0.11338543791008887,1.6929274949773343,19.567707129865493,-0.02566062381651845,-0.6089381452121296,0.5096463022508039
6,12,0.1,none,1.0,12,T2_mid,622,18.990353697749196,2.316258641355376,0.9017437235230428,50.35720210321637,19.599635059907772,0.9190189383836989,0.35769333984331686,1.7561739930309062,30.757567043308605,-0.046270102108050847,-0.22685468520224095,0.5144694533762058
6,12,0.1,none,1.0,12,T3_illiquid,622,18.94855305466238,2.4536657242257003,0.09831033835322593,54.831702786894375,2.198266013324962,1.0006785758608223,0.040118354743180554,1.7834728776047104,52.63343677356941,-0.0671845776969679,-0.4049703228249125,0.4871382636655949
6,12,0.2,demean,1.0,12,T1_liquid,622,39.167202572347264,0.7705154905232398,-0.39108164753434776,11.897747265823151,-6.042369638648511,0.2171338876012725,-0.11027324590533533,1.5491913135656359,17.94011690447167,-0.02566062381651845,-0.486649928238561,0.5032154340836013
6,12,0.2,demean,1.0,12,T2_mid,622,39.032154340836016,2.2540653355299174,0.09736726978269981,29.491634538310766,1.2736823572473954,0.5382223303241715,0.02324470301976497,1.6024223577393266,28.217952181063378,-0.046270102108050847,-0.32232589967038194,0.5064308681672026
6,12,0.2,demean,1.0,12,T3_illiquid,622,38.91961414790997,2.508595560250818,-0.6796586837289058,37.62976530443577,-10.207902393281353,0.6867432168059528,-0.18629421867738472,1.6153296582820966,47.837667697717144,-0.0671845776969679,-0.6610475416862377,0.44855305466237944
6,12,0.2,none,1.0,12,T1_liquid,622,39.167202572347264,0.7705154905232398,-0.39108164753434776,11.897747265823151,-6.042369638648511,0.2171338876012725,-0.11027324590533533,1.5491913135656359,17.94011690447167,-0.02566062381651845,-0.486649928238561,0.5032154340836013
6,12,0.2,none,1.0,12,T2_mid,622,39.032154340836016,2.2540653355299174,0.09736726978269981,29.491634538310766,1.2736823572473954,0.5382223303241715,0.02324470301976497,1.6024223577393266,28.217952181063378,-0.046270102108050847,-0.32232589967038194,0.5064308681672026
6,12,0.2,none,1.0,12,T3_illiquid,622,38.91961414790997,2.508595560250818,-0.6796586837289058,37.62976530443577,-10.207902393281353,0.6867432168059528,-0.18629421867738472,1.6153296582820966,47.837667697717144,-0.0671845776969679,-0.6610475416862377,0.44855305466237944
6,12,0.3,demean,1.0,12,T1_liquid,622,59.054662379421224,0.67172643843631,-0.731398344862722,7.770206100799666,-8.460978343116848,0.1418062613395939,-0.15441285476188246,1.3998298063013246,16.231184443916508,-0.02566062381651845,-0.48494632011811556,0.4807073954983923
6,12,0.3,demean,1.0,12,T2_mid,622,58.72668810289389,1.6306670939808863,-0.8210639520218839,16.969190109025366,-8.542868490945889,0.3096877194897129,-0.15590734995976246,1.4439946912350554,25.51205859997125,-0.046270102108050847,-0.5440755314464392,0.4742765273311897
6,12,0.3,demean,1.0,12,T3_illiquid,622,58.51768488745981,2.173038040072654,-1.2689545839292125,27.020655711681314,-15.789286777679724,0.493126966738184,-0.28815448369265495,1.4444018803571352,42.80994248936104,-0.0671845776969679,-0.6871196562398134,0.41961414790996787
6,12,0.3,none,1.0,12,T1_liquid,622,59.054662379421224,0.67172643843631,-0.731398344862722,7.770206100799666,-8.460978343116848,0.1418062613395939,-0.15441285476188246,1.3998298063013246,16.231184443916508,-0.02566062381651845,-0.48494632011811556,0.4807073954983923
6,12,0.3,none,1.0,12,T2_mid,622,58.72668810289389,1.6306670939808863,-0.8210639520218839,16.969190109025366,-8.542868490945889,0.3096877194897129,-0.15590734995976246,1.4439946912350554,25.51205859997125,-0.046270102108050847,-0.5440755314464392,0.4742765273311897
6,12,0.3,none,1.0,12,T3_illiquid,622,58.51768488745981,2.173038040072654,-1.2689545839292125,27.020655711681314,-15.789286777679724,0.493126966738184,-0.28815448369265495,1.4444018803571352,42.80994248936104,-0.0671845776969679,-0.6871196562398134,0.41961414790996787
6,24,0.1,demean,1.0,24,T1_liquid,311,19.05466237942122,0.5580475979691714,0.09694520346745565,23.997893918090043,4.169196400887702,0.21898078200257165,0.03804391715810028,1.7098959275808145,19.828697517202343,-0.013677487686231568,-0.49240784692028516,0.5144694533762058
6,24,0.1,demean,1.0,24,T2_mid,311,18.9967845659164,1.4421839997301529,0.6769265485766942,58.513787048423474,27.457675983711137,0.5339383068168643,0.2505512933513641,1.7714968936030029,31.056111064712354,-0.05031237224383839,-0.44091192759419373,0.5434083601286174
6,24,0.1,demean,1.0,24,T3_illiquid,311,18.964630225080384,1.2285647227415644,0.2331737959930809,64.49727121911582,12.242306029785663,0.5885375998744318,0.11171104252179417,1.7866927195705329,52.25496518933014,-0.07317673110216749,-0.46692361901688184,0.5080385852090032
6,24,0.1,none,1.0,24,T1_liquid,311,19.05466237942122,0.5580475979691714,0.09694520346745565,23.997893918090043,4.169196400887702,0.21898078200257165,0.03804391715810028,1.7098959275808145,19.828697517202343,-0.013677487686231568,-0.49240784692028516,0.5144694533762058
6,24,0.1,none,1.0,24,T2_mid,311,18.9967845659164,1.4421839997301529,0.6769265485766942,58.513787048423474,27.457675983711137,0.5339383068168643,0.2505512933513641,1.7714968936030029,31.056111064712354,-0.05031237224383839,-0.44091192759419373,0.5434083601286174
6,24,0.1,none,1.0,24,T3_illiquid,311,18.964630225080384,1.2285647227415644,0.2331737959930809,64.49727121911582,12.242306029785663,0.5885375998744318,0.11171104252179417,1.7866927195705329,52.25496518933014,-0.07317673110216749,-0.46692361901688184,0.5080385852090032
6,24,0.2,demean,1.0,24,T1_liquid,311,39.18327974276527,0.13552381822184148,-0.4778030763109988,3.973531449501379,-14.009524357964382,0.03625847447670009,-0.12783690976642498,1.5455197194321146,17.98305580746576,-0.013677487686231568,-0.45114127252221403,0.49517684887459806
6,24,0.2,demean,1.0,24,T2_mid,311,39.035369774919616,0.8912610215471699,-0.17621579727600314,23.89554098948528,-4.723126488582115,0.2180468115290532,-0.043098529208311795,1.6153508771362914,28.61866747806739,-0.05031237224383839,-0.41866708095136385,0.4758842443729904
6,24,0.2,demean,1.0,24,T3_illiquid,311,38.945337620578776,1.6009654464629441,0.11862903220886833,51.727425888773126,3.837183826672334,0.47201276123505476,0.03501430241838505,1.6310436158238948,47.890242062100796,-0.07317673110216749,-0.4365069660670936,0.4790996784565916
6,24,0.2,none,1.0,24,T1_liquid,311,39.18327974276527,0.13552381822184148,-0.4778030763109988,3.973531449501379,-14.009524357964382,0.03625847447670009,-0.12783690976642498,1.5455197194321146,17.98305580746576,-0.013677487686231568,-0.45114127252221403,0.49517684887459806
6,24,0.2,none,1.0,24,T2_mid,311,39.035369774919616,0.8912610215471699,-0.17621579727600314,23.89554098948528,-4.723126488582115,0.2180468115290532,-0.043098529208311795,1.6153508771362914,28.61866747806739,-0.05031237224383839,-0.41866708095136385,0.4758842443729904
6,24,0.2,none,1.0,24,T3_illiquid,311,38.945337620578776,1.6009654464629441,0.11862903220886833,51.727425888773126,3.837183826672334,0.47201276123505476,0.03501430241838505,1.6310436158238948,47.890242062100796,-0.07317673110216749,-0.4365069660670936,0.4790996784565916
6,24,0.3,demean,1.0,24,T1_liquid,311,59.067524115755624,-0.1917616153344269,-0.8828978443239224,-4.511561659519375,-20.772837095082018,-0.041168000143114294,-0.18955213849262342,1.3939279754088505,16.261275435562634,-0.013677487686231568,-0.4978283038486827,0.4662379421221865
6,24,0.3,demean,1.0,24,T2_mid,311,58.752411575562704,0.8327710530284622,-0.36670167285264765,18.051801081662433,-7.949781638338845,0.1647226848701697,-0.07254175744984197,1.4607308487403259,26.001582720001274,-0.05031237224383839,-0.3135793839541965,0.4855305466237942
6,24,0.3,demean,1.0,24,T3_illiquid,311,58.559485530546624,1.6162843758085466,-0.09124020123906683,40.75337639894127,-2.2992216210968306,0.3718745596403391,-0.02098039729250858,1.4648877901505377,43.052598020038104,-0.07317673110216749,-0.3905860103704609,0.48231511254019294
6,24,0.3,none,1.0,24,T1_liquid,311,59.067524115755624,-0.1917616153344269,-0.8828978443239224,-4.511561659519375,-20.772837095082018,-0.041168000143114294,-0.18955213849262342,1.3939279754088505,16.261275435562634,-0.013677487686231568,-0.4978283038486827,0.4662379421221865
6,24,0.3,none,1.0,24,T2_mid,311,58.752411575562704,0.8327710530284622,-0.36670167285264765,18.051801081662433,-7.949781638338845,0.1647226848701697,-0.07254175744984197,1.4607308487403259,26.001582720001274,-0.05031237224383839,-0.3135793839541965,0.4855305466237942
6,24,0.3,none,1.0,24,T3_illiquid,311,58.559485530546624,1.6162843758085466,-0.09124020123906683,40.75337639894127,-2.2992216210968306,0.3718745596403391,-0.02098039729250858,1.4648877901505377,43.052598020038104,-0.07317673110216749,-0.3905860103704609,0.48231511254019294
12,3,0.1,demean,1.0,3,T1_liquid,2486,19.045856798069188,0.30803913991643644,-1.2797323574932034,2.0327911192075288,-8.451176893873516,0.1483937517021496,-0.6169359132527666,0.9090899513465885,10.483968013081048,-0.029265212626140288,-0.9264472911238449,0.48028962188254226
12,3,0.1,demean,1.0,3,T2_mid,2486,18.983105390185035,3.8048487204222563,0.9193446253710723,22.864997352248245,5.530037257536043,1.669144806714122,0.4036927198001311,0.9916585838850522,17.334960094712205,-0.06507000039033005,-0.4303402630031886,0.5341914722445696
12,3,0.1,demean,1.0,3,T3_illiquid,2486,18.942880128720837,3.9723118218795315,-1.8129909311212138,21.65229263194679,-9.906483273585948,1.5806173621321156,-0.7231732789717743,1.0631106780945878,31.558775905532745,-0.07884301259418858,-0.9439582818733574,0.47023330651649237
12,3,0.1,none,1.0,3,T1_liquid,2486,19.045856798069188,0.30803913991643644,-1.2797323574932034,2.0327911192075288,-8.451176893873516,0.1483937517021496,-0.6169359132527666,0.9090899513465885,10.483968013081048,-0.029265212626140288,-0.9264472911238449,0.48028962188254226
12,3,0.1,none,1.0,3,T2_mid,2486,18.983105390185035,3.8048487204222563,0.9193446253710723,22.864997352248245,5.530037257536043,1.669144806714122,0.4036927198001311,0.9916585838850522,17.334960094712205,-0.06507000039033005,-0.4303402630031886,0.5341914722445696
12,3,0.1,none,1.0,3,T3_illiquid,2486,18.942880128720837,3.9723118218795315,-1.8129909311212138,21.65229263194679,-9.906483273585948,1.5806173621321156,-0.7231732789717743,1.0631106780945878,31.558775905532745,-0.07884301259418858,-0.9439582818733574,0.47023330651649237
12,3,0.2,demean,1.0,3,T1_liquid,2486,39.16492357200322,0.09106912958867558,-2.110452399293978,0.3733314947834724,-8.659107285648538,0.027253199119193484,-0.6321148318523432,0.7819810601878636,9.032438780432008,-0.029265212626140288,-0.9073765799296575,0.4650040225261464
12,3,0.2,demean,1.0,3,T2_mid,2486,39.02413515687852,3.4532991060865355,-0.4382792655984584,13.28006628371572,-1.6868176695480703,0.9694448387112476,-0.12313768987700914,0.8528301743088936,14.966883953263787,-0.06507000039033005,-0.5641977722358598,0.5124698310539019
12,3,0.2,demean,1.0,3,T3_illiquid,2486,38.9195494770716,3.5974386069377715,-3.3693095034143568,13.893562529945536,-13.054413728378721,1.014230064686024,-0.9529722021716467,0.9058546661952154,26.94797625832426,-0.07884301259418858,-0.9688876829771096,0.41914722445695896
12,3,0.2,none,1.0,3,T1_liquid,2486,39.16492357200322,0.09106912958867558,-2.110452399293978,0.3733314947834724,-8.659107285648538,0.027253199119193484,-0.6321148318523432,0.7819810601878636,9.032438780432008,-0.029265212626140288,-0.9073765799296575,0.4650040225261464
12,3,0.2,none,1.0,3,T2_mid,2486,39.02413515687852,3.4532991060865355,-0.4382792655984584,13.28006628371572,-1.6868176695480703,0.9694448387112476,-0.12313768987700914,0.8528301743088936,14.966883953263787,-0.06507000039033005,-0.5641977722358598,0.5124698310539019
12,3,0.2,none,1.0,3,T3_illiquid,2486,38.9195494770716,3.5974386069377715,-3.3693095034143568,13.893562529945536,-13.054413728378721,1.014230064686024,-0.9529722021716467,0.9058546661952154,26.94797625832426,-0.07884301259418858,-0.9688876829771096,0.41914722445695896
12,3,0.3,demean,1.0,3,T1_liquid,2486,59.05711987127916,0.4256830308695287,-2.0841146923802936,1.345105163185143,-6.590431361034273,0.09819267691251543,-0.48110148935550195,0.686206204833808,7.935536524219418,-0.029265212626140288,-0.8350777775333289,0.4658085277554304
12,3,0.3,demean,1.0,3,T2_mid,2486,58.71520514883347,3.3637674517689256,-1.1151964359578077,9.849418461897724,-3.2693175826644594,0.7190075477185338,-0.23866018353450552,0.7455134026555552,13.118736044562182,-0.06507000039033005,-0.5841845891269227,0.48753016894609813
12,3,0.3,demean,1.0,3,T3_illiquid,2486,58.50603378921963,3.373477508268346,-4.370536180443597,10.076248817212834,-13.10655524467731,0.7355661636565368,-0.9567785328614435,0.7789051428147303,23.18280406189014,-0.07884301259418858,-0.9667063064964674,0.3994368463395012
12,3,0.3,none,1.0,3,T1_liquid,2486,59.05711987127916,0.4256830308695287,-2.0841146923802936,1.345105163185143,-6.590431361034273,0.09819267691251543,-0.48110148935550195,0.686206204833808,7.935536524219418,-0.029265212626140288,-0.8350777775333289,0.4658085277554304
12,3,0.3,none,1.0,3,T2_mid,2486,58.71520514883347,3.3637674517689256,-1.1151964359578077,9.849418461897724,-3.2693175826644594,0.7190075477185338,-0.23866018353450552,0.7455134026555552,13.118736044562182,-0.06507000039033005,-0.5841845891269227,0.48753016894609813
12,3,0.3,none,1.0,3,T3_illiquid,2486,58.50603378921963,3.373477508268346,-4.370536180443597,10.076248817212834,-13.10655524467731,0.7355661636565368,-0.9567785328614435,0.7789051428147303,23.18280406189014,-0.07884301259418858,-0.9667063064964674,0.3994368463395012
12,6,0.1,demean,1.0,6,T1_liquid,1243,19.050683829444893,0.1637365767209567,-0.9146346504951578,2.2145516658429636,-12.374937394975538,0.08083113580326816,-0.4516852149166071,1.2641726133882207,14.589489060818506,-0.033251548372839446,-0.8718463905366753,0.47063555913113436
12,6,0.1,demean,1.0,6,T2_mid,1243,18.98793242156074,3.5475854584259334,1.6130871087514993,43.31318781395381,19.697146561584127,1.5809313552093143,0.7189458494978207,1.350115422701907,23.61604125236969,-0.08060020410560527,-0.38312994110184395,0.5744167337087691
12,6,0.1,demean,1.0,6,T3_illiquid,1243,18.942880128720837,4.1995774581688785,0.7005315441511655,49.752858886479395,8.299170576822663,1.815979349356498,0.3029197260540272,1.399816374293446,41.45368830965673,-0.10246891923823896,-0.4203850434487788,0.5382139983909895
12,6,0.1,none,1.0,6,T1_liquid,1243,19.050683829444893,0.1637365767209567,-0.9146346504951578,2.2145516658429636,-12.374937394975538,0.08083113580326816,-0.4516852149166071,1.2641726133882207,14.589489060818506,-0.033251548372839446,-0.8718463905366753,0.47063555913113436
12,6,0.1,none,1.0,6,T2_mid,1243,18.98793242156074,3.5475854584259334,1.6130871087514993,43.31318781395381,19.697146561584127,1.5809313552093143,0.7189458494978207,1.350115422701907,23.61604125236969,-0.08060020410560527,-0.38312994110184395,0.5744167337087691
12,6,0.1,none,1.0,6,T3_illiquid,1243,18.942880128720837,4.1995774581688785,0.7005315441511655,49.752858886479395,8.299170576822663,1.815979349356498,0.3029197260540272,1.399816374293446,41.45368830965673,-0.10246891923823896,-0.4203850434487788,0.5382139983909895
12,6,0.2,demean,1.0,6,T1_liquid,1243,39.17135961383749,0.3233008063479751,-1.1925741708456996,2.736117217714655,-10.093117147753372,0.09986827844658491,-0.3683987758929981,1.1097099712761498,12.829234365468027,-0.033251548372839446,-0.7757254024377003,0.4754625905068383
12,6,0.2,demean,1.0,6,T2_mid,1243,39.02654867256637,3.204198907240071,0.548998476140395,25.194899463610103,4.314701157440064,0.9196138304217687,0.15748659224656233,1.1888986572942388,20.88019830617004,-0.08060020410560527,-0.33167257611198275,0.5494770716009654
12,6,0.2,demean,1.0,6,T3_illiquid,1243,38.921962992759454,4.028821602240471,-0.2831124385056616,34.088126451712355,-2.3936804153022933,1.244216615487501,-0.0873693351585337,1.2285376480673944,36.48180686701464,-0.10246891923823896,-0.6173037694064225,0.4915526950925181
12,6,0.2,none,1.0,6,T1_liquid,1243,39.17135961383749,0.3233008063479751,-1.1925741708456996,2.736117217714655,-10.093117147753372,0.09986827844658491,-0.3683987758929981,1.1097099712761498,12.829234365468027,-0.033251548372839446,-0.7757254024377003,0.4754625905068383
12,6,0.2,none,1.0,6,T2_mid,1243,39.02654867256637,3.204198907240071,0.548998476140395,25.194899463610103,4.314701157440064,0.9196138304217687,0.15748659224656233,1.1888986572942388,20.88019830617004,-0.08060020410560527,-0.33167257611198275,0.5494770716009654
12,6,0.2,none,1.0,6,T3_illiquid,1243,38.921962992759454,4.028821602240471,-0.2831124385056616,34.088126451712355,-2.3936804153022933,1.244216615487501,-0.0873693351585337,1.2285376480673944,36.48180686701464,-0.10246891923823896,-0.6173037694064225,0.4915526950925181
12,6,0.3,demean,1.0,6,T1_liquid,1243,59.05872888173773,0.6361000336800889,-1.129888695182757,4.093265764239638,-7.268376144023636,0.1494042003947468,-0.2652957292568627,0.9813166096231254,11.361641908263273,-0.033251548372839446,-0.6559980732041533,0.47063555913113436
12,6,0.3,demean,1.0,6,T2_mid,1243,58.72727272727273,2.9360793499921747,-0.05783282387960399,18.099063526942558,-0.3561481908230134,0.6606158187334035,-0.01299940896503999,1.0475009957283055,18.45521171776557,-0.08060020410560527,-0.3231271321179726,0.5132743362831859
12,6,0.3,demean,1.0,6,T3_illiquid,1243,58.511665325824616,4.012624932119245,-1.1065893746055153,25.043778743196935,-6.8935856241618305,0.9140979241266881,-0.2516158752819068,1.074829628803192,31.937364367358764,-0.10246891923823896,-0.6591056734906773,0.47304907481898634
12,6,0.3,none,1.0,6,T1_liquid,1243,59.05872888173773,0.6361000336800889,-1.129888695182757,4.093265764239638,-7.268376144023636,0.1494042003947468,-0.2652957292568627,0.9813166096231254,11.361641908263273,-0.033251548372839446,-0.6559980732041533,0.47063555913113436
12,6,0.3,none,1.0,6,T2_mid,1243,58.72727272727273,2.9360793499921747,-0.05783282387960399,18.099063526942558,-0.3561481908230134,0.6606158187334035,-0.01299940896503999,1.0475009957283055,18.45521171776557,-0.08060020410560527,-0.3231271321179726,0.5132743362831859
12,6,0.3,none,1.0,6,T3_illiquid,1243,58.511665325824616,4.012624932119245,-1.1065893746055153,25.043778743196935,-6.8935856241618305,0.9140979241266881,-0.2516158752819068,1.074829628803192,31.937364367358764,-0.10246891923823896,-0.6591056734906773,0.47304907481898634
12,12,0.1,demean,1.0,12,T1_liquid,622,19.04823151125402,-0.5662670160313318,-1.3710128270274051,-13.70657229943534,-33.18331344191203,-0.25014494446469493,-0.6055954703148945,1.686399189413659,19.476741142476673,-0.025667569951209408,-0.9165546736811886,0.4517684887459807
12,12,0.1,demean,1.0,12,T2_mid,622,18.990353697749196,2.7028985487638315,1.3882335507022667,64.21809267386648,32.980154046086625,1.1719801912980632,0.6018878113410808,1.7847279060703498,31.23793862777987,-0.07432586622969645,-0.3627384273128046,0.5466237942122186
12,12,0.1,demean,1.0,12,T3_illiquid,622,18.94855305466238,2.947028644964611,0.6388763552092394,68.10806817474499,14.759110508393833,1.242972244189096,0.26935376677818745,1.8066438964750862,53.348957666351154,-0.08742285724928102,-0.3675692915151565,0.522508038585209
12,12,0.1,none,1.0,12,T1_liquid,622,19.04823151125402,-0.5662670160313318,-1.3710128270274051,-13.70657229943534,-33.18331344191203,-0.25014494446469493,-0.6055954703148945,1.686399189413659,19.476741142476673,-0.025667569951209408,-0.9165546736811886,0.4517684887459807
12,12,0.1,none,1.0,12,T2_mid,622,18.990353697749196,2.7028985487638315,1.3882335507022667,64.21809267386648,32.980154046086625,1.1719801912980632,0.6018878113410808,1.7847279060703498,31.23793862777987,-0.07432586622969645,-0.3627384273128046,0.5466237942122186
12,12,0.1,none,1.0,12,T3_illiquid,622,18.94855305466238,2.947028644964611,0.6388763552092394,68.10806817474499,14.759110508393833,1.242972244189096,0.26935376677818745,1.8066438964750862,53.348957666351154,-0.08742285724928102,-0.3675692915151565,0.522508038585209
12,12,0.2,demean,1.0,12,T1_liquid,622,39.167202572347264,-0.20429077861102768,-1.3472093219117054,-3.2002144825156362,-21.10638893640251,-0.05840391430591036,-0.3851915980893458,1.547105555923805,17.90617445388687,-0.025667569951209408,-0.7812358752374152,0.45980707395498394
12,12,0.2,demean,1.0,12,T2_mid,622,39.032154340836016,2.5938515540066747,0.7037326954375902,39.44658290586656,10.698987659774287,0.7199001380320648,0.19525652479088074,1.6348500978414957,28.747595246092278,-0.07432586622969645,-0.3357920774224068,0.49517684887459806
12,12,0.2,demean,1.0,12,T3_illiquid,622,38.91961414790997,2.349678057011598,-0.5630377625970315,39.92568527245485,-9.570240751353781,0.728643756222301,-0.17465689371220652,1.6707517602049768,49.495926023808615,-0.08742285724928102,-0.6508695764266363,0.4807073954983923
12,12,0.2,none,1.0,12,T1_liquid,622,39.167202572347264,-0.20429077861102768,-1.3472093219117054,-3.2002144825156362,-21.10638893640251,-0.05840391430591036,-0.3851915980893458,1.547105555923805,17.90617445388687,-0.025667569951209408,-0.7812358752374152,0.45980707395498394
12,12,0.2,none,1.0,12,T2_mid,622,39.032154340836016,2.5938515540066747,0.7037326954375902,39.44658290586656,10.698987659774287,0.7199001380320648,0.19525652479088074,1.6348500978414957,28.747595246092278,-0.07432586622969645,-0.3357920774224068,0.49517684887459806
12,12,0.2,none,1.0,12,T3_illiquid,622,38.91961414790997,2.349678057011598,-0.5630377625970315,39.92568527245485,-9.570240751353781,0.728643756222301,-0.17465689371220652,1.6707517602049768,49.495926023808615,-0.08742285724928102,-0.6508695764266363,0.4807073954983923
12,12,0.3,demean,1.0,12,T1_liquid,622,59.054662379421224,-0.042130816105108465,-1.3534260212864506,-0.5244564054178759,-16.85118119442806,-0.009571329398876236,-0.30753405679831214,1.4083442391531467,16.326724789010193,-0.025667569951209408,-0.6969285950590409,0.45819935691318325
12,12,0.3,demean,1.0,12,T2_mid,622,58.72668810289389,2.436581737879016,0.1551795018309185,28.15545112267148,1.792494669587401,0.5138369829887545,0.03271302771997007,1.4933522380655675,26.362956453084074,-0.07432586622969645,-0.40185787823877395,0.4903536977491961
12,12,0.3,demean,1.0,12,T3_illiquid,622,58.51768488745981,2.1925741032524675,-1.2466479588739312,28.614990730481704,-16.27022281494345,0.5222235808312911,-0.2969315663727179,1.5139286529917155,44.88521354542516,-0.08742285724928102,-0.6783499713703718,0.42604501607717044
12,12,0.3,none,1.0,12,T1_liquid,622,59.054662379421224,-0.042130816105108465,-1.3534260212864506,-0.5244564054178759,-16.85118119442806,-0.009571329398876236,-0.30753405679831214,1.4083442391531467,16.326724789010193,-0.025667569951209408,-0.6969285950590409,0.45819935691318325
12,12,0.3,none,1.0,12,T2_mid,622,58.72668810289389,2.436581737879016,0.1551795018309185,28.15545112267148,1.792494669587401,0.5138369829887545,0.03271302771997007,1.4933522380655675,26.362956453084074,-0.07432586622969645,-0.40185787823877395,0.4903536977491961
12,12,0.3,none,1.0,12,T3_illiquid,622,58.51768488745981,2.1925741032524675,-1.2466479588739312,28.614990730481704,-16.27022281494345,0.5222235808312911,-0.2969315663727179,1.5139286529917155,44.88521354542516,-0.08742285724928102,-0.6783499713703718,0.42604501607717044
12,24,0.1,demean,1.0,24,T1_liquid,311,19.05466237942122,0.016197353060491113,-0.3720778052981875,0.8303910215948132,-19.072154588386486,0.00757731807205267,-0.1740334106190267,1.718300019023492,19.902545609981303,-0.0231658820417878,-0.6690784332033743,0.4887459807073955
12,24,0.1,demean,1.0,24,T2_mid,311,18.9967845659164,1.512755368469116,0.7934957680789889,65.59850223103369,34.416960034841175,0.5985863328581824,0.31405476031792573,1.7812218417523884,31.181542196192517,-0.06567618741050393,-0.6120379243145253,0.5369774919614148
12,24,0.1,demean,1.0,24,T3_illiquid,311,18.964630225080384,1.5755282334446008,0.43623463910842,72.56204740264099,20.085412803317492,0.662128682549099,0.18327939183027211,1.791510998826111,52.4766345993235,-0.08237871007539688,-0.4303812952653433,0.5112540192926045
12,24,0.1,none,1.0,24,T1_liquid,311,19.05466237942122,0.016197353060491113,-0.3720778052981875,0.8303910215948132,-19.072154588386486,0.00757731807205267,-0.1740334106190267,1.718300019023492,19.902545609981303,-0.0231658820417878,-0.6690784332033743,0.4887459807073955
12,24,0.1,none,1.0,24,T2_mid,311,18.9967845659164,1.512755368469116,0.7934957680789889,65.59850223103369,34.416960034841175,0.5985863328581824,0.31405476031792573,1.7812218417523884,31.181542196192517,-0.06567618741050393,-0.6120379243145253,0.5369774919614148
12,24,0.1,none,1.0,24,T3_illiquid,311,18.964630225080384,1.5755282334446008,0.43623463910842,72.56204740264099,20.085412803317492,0.662128682549099,0.18327939183027211,1.791510998826111,52.4766345993235,-0.08237871007539688,-0.4303812952653433,0.5112540192926045
12,24,0.2,demean,1.0,24,T1_liquid,311,39.18327974276527,-0.10643513688488684,-0.6889804802451986,-3.3287217750621374,-21.534142725387312,-0.030374586197442002,-0.19649905236915924,1.565584582084534,18.205420950325177,-0.0231658820417878,-0.5372410188298468,0.4855305466237942
12,24,0.2,demean,1.0,24,T2_mid,311,39.035369774919616,1.0828629454380843,0.17540451490809048,34.316985891043736,5.562505868723387,0.3131424962557741,0.050757866052100906,1.6277347071820258,28.754480022320354,-0.06567618741050393,-0.5311354582621285,0.4983922829581994
12,24,0.2,demean,1.0,24,T3_illiquid,311,38.945337620578776,2.051278769730715,0.49472254246067915,62.725763322350964,15.111291021700922,0.5723725903164526,0.13789053057302092,1.6212441865180665,47.61447230065003,-0.08237871007539688,-0.43663678215126067,0.5176848874598071
12,24,0.2,none,1.0,24,T1_liquid,311,39.18327974276527,-0.10643513688488684,-0.6889804802451986,-3.3287217750621374,-21.534142725387312,-0.030374586197442002,-0.19649905236915924,1.565584582084534,18.205420950325177,-0.0231658820417878,-0.5372410188298468,0.4855305466237942
12,24,0.2,none,1.0,24,T2_mid,311,39.035369774919616,1.0828629454380843,0.17540451490809048,34.316985891043736,5.562505868723387,0.3131424962557741,0.050757866052100906,1.6277347071820258,28.754480022320354,-0.06567618741050393,-0.5311354582621285,0.4983922829581994
12,24,0.2,none,1.0,24,T3_illiquid,311,38.945337620578776,2.051278769730715,0.49472254246067915,62.725763322350964,15.111291021700922,0.5723725903164526,0.13789053057302092,1.6212441865180665,47.61447230065003,-0.08237871007539688,-0.43663678215126067,0.5176848874598071
12,24,0.3,demean,1.0,24,T1_liquid,311,59.067524115755624,-0.021142861564475954,-0.672804137547861,-0.5365417085673683,-17.059077587915333,-0.0048959430906772355,-0.15566408298972742,1.4168460539873546,16.522535879347956,-0.0231658820417878,-0.4534489062775895,0.4790996784565916
12,24,0.3,demean,1.0,24,T2_mid,311,58.752411575562704,0.8487709579477694,-0.2575281052445798,20.0802470324717,-6.096917643178916,0.18323225417130426,-0.05563437349400761,1.4730998863607505,26.177164675650616,-0.06567618741050393,-0.47539477742309,0.4758842443729904
12,24,0.3,demean,1.0,24,T3_illiquid,311,58.559485530546624,1.5650244983410468,-0.04857112838514825,41.437839937844004,-1.28472051368718,0.3781202894328265,-0.011723074687395519,1.4541593690243255,42.72256045153119,-0.08237871007539688,-0.38407750229349213,0.44694533762057875
12,24,0.3,none,1.0,24,T1_liquid,311,59.067524115755624,-0.021142861564475954,-0.672804137547861,-0.5365417085673683,-17.059077587915333,-0.0048959430906772355,-0.15566408298972742,1.4168460539873546,16.522535879347956,-0.0231658820417878,-0.4534489062775895,0.4790996784565916
12,24,0.3,none,1.0,24,T2_mid,311,58.752411575562704,0.8487709579477694,-0.2575281052445798,20.0802470324717,-6.096917643178916,0.18323225417130426,-0.05563437349400761,1.4730998863607505,26.177164675650616,-0.06567618741050393,-0.47539477742309,0.4758842443729904
12,24,0.3,none,1.0,24,T3_illiquid,311,58.559485530546624,1.5650244983410468,-0.04857112838514825,41.437839937844004,-1.28472051368718,0.3781202894328265,-0.011723074687395519,1.4541593690243255,42.72256045153119,-0.08237871007539688,-0.38407750229349213,0.44694533762057875
24,3,0.1,demean,1.0,3,T1_liquid,2486,19.045856798069188,-0.18873380013981747,-1.343562047617729,-1.252265256385115,-8.919365411191425,-0.0914153637161134,-0.651113675016974,0.6642165390254691,7.667100154806309,-0.03318026170210474,-0.9419568332264932,0.48431214802896216
24,3,0.1,demean,1.0,3,T2_mid,2486,18.983105390185035,3.632836424535372,1.3526428732932125,21.068447649657926,7.845670160654571,1.5379966784250285,0.5727339217277836,0.7565671076934151,13.222777489003354,-0.07148685794040366,-0.5069908068810234,0.5567176186645213
24,3,0.1,demean,1.0,3,T3_illiquid,2486,18.942880128720837,3.8720743682320777,-0.7996717090498955,20.420759294335838,-4.2198032237306995,1.4907154284865163,-0.3080456353323411,0.8323270052554043,24.64056251806654,-0.07788936449745719,-0.8352752868855241,0.4887369267900241
24,3,0.1,none,1.0,3,T1_liquid,2486,19.045856798069188,-0.18873380013981747,-1.343562047617729,-1.252265256385115,-8.919365411191425,-0.0914153637161134,-0.651113675016974,0.6642165390254691,7.667100154806309,-0.03318026170210474,-0.9419568332264932,0.48431214802896216
24,3,0.1,none,1.0,3,T2_mid,2486,18.983105390185035,3.632836424535372,1.3526428732932125,21.068447649657926,7.845670160654571,1.5379966784250285,0.5727339217277836,0.7565671076934151,13.222777489003354,-0.07148685794040366,-0.5069908068810234,0.5567176186645213
24,3,0.1,none,1.0,3,T3_illiquid,2486,18.942880128720837,3.8720743682320777,-0.7996717090498955,20.420759294335838,-4.2198032237306995,1.4907154284865163,-0.3080456353323411,0.8323270052554043,24.64056251806654,-0.07788936449745719,-0.8352752868855241,0.4887369267900241
24,3,0.2,demean,1.0,3,T1_liquid,2486,39.16492357200322,-0.12189131937267508,-1.6812192858393862,-0.5109097963863443,-7.050621171156901,-0.037296415136203125,-0.5146953454944537,0.565334109590388,6.539711374770556,-0.03318026170210474,-0.8724708166716082,0.48431214802896216
24,3,0.2,demean,1.0,3,T2_mid,2486,39.02413515687852,3.587245393782963,0.6102557238989792,13.54973480135041,2.3082531086906375,0.98913064049858,0.16850247693441653,0.6399719874077684,11.241481692659775,-0.07148685794040366,-0.4486775048865659,0.5221238938053098
24,3,0.2,demean,1.0,3,T3_illiquid,2486,38.9195494770716,4.060724866275689,-1.5307645524227655,14.935551264124536,-5.627940324065129,1.0902952422810912,-0.41083964365675446,0.6929632752728669,20.56349158818967,-0.07788936449745719,-0.8216266415193751,0.4589702333065165
24,3,0.2,none,1.0,3,T1_liquid,2486,39.16492357200322,-0.12189131937267508,-1.6812192858393862,-0.5109097963863443,-7.050621171156901,-0.037296415136203125,-0.5146953454944537,0.565334109590388,6.539711374770556,-0.03318026170210474,-0.8724708166716082,0.48431214802896216
24,3,0.2,none,1.0,3,T2_mid,2486,39.02413515687852,3.587245393782963,0.6102557238989792,13.54973480135041,2.3082531086906375,0.98913064049858,0.16850247693441653,0.6399719874077684,11.241481692659775,-0.07148685794040366,-0.4486775048865659,0.5221238938053098
24,3,0.2,none,1.0,3,T3_illiquid,2486,38.9195494770716,4.060724866275689,-1.5307645524227655,14.935551264124536,-5.627940324065129,1.0902952422810912,-0.41083964365675446,0.6929632752728669,20.56349158818967,-0.07788936449745719,-0.8216266415193751,0.4589702333065165
24,3,0.3,demean,1.0,3,T1_liquid,2486,59.05711987127916,-0.4343306144642197,-2.192307675657353,-1.3940956381092862,-7.036899044970793,-0.10176898158197789,-0.5136936302828679,0.4870719622037688,5.642803406861508,-0.03318026170210474,-0.857532426349855,0.47345132743362833
24,3,0.3,demean,1.0,3,T2_mid,2486,58.71198712791633,3.143175574096031,-0.11950824104938335,9.396857714742499,-0.35774074110708803,0.6859706131762024,-0.026115074100817426,0.5531616836457556,9.754598455849587,-0.07148685794040366,-0.4622012503843971,0.5108608205953339
24,3,0.3,demean,1.0,3,T3_illiquid,2486,58.50603378921963,4.273792213863292,-1.7984151878018295,12.378312610019295,-5.220557325621923,0.9036168205314086,-0.3811006847704003,0.592806390048367,17.598869935641215,-0.07788936449745719,-0.805197881868148,0.4444891391794047
24,3,0.3,none,1.0,3,T1_liquid,2486,59.05711987127916,-0.4343306144642197,-2.192307675657353,-1.3940956381092862,-7.036899044970793,-0.10176898158197789,-0.5136936302828679,0.4870719622037688,5.642803406861508,-0.03318026170210474,-0.857532426349855,0.47345132743362833
24,3,0.3,none,1.0,3,T2_mid,2486,58.71198712791633,3.143175574096031,-0.11950824104938335,9.396857714742499,-0.35774074110708803,0.6859706131762024,-0.026115074100817426,0.5531616836457556,9.754598455849587,-0.07148685794040366,-0.4622012503843971,0.5108608205953339
24,3,0.3,none,1.0,3,T3_illiquid,2486,58.50603378921963,4.273792213863292,-1.7984151878018295,12.378312610019295,-5.220557325621923,0.9036168205314086,-0.3811006847704003,0.592806390048367,17.598869935641215,-0.07788936449745719,-0.805197881868148,0.4444891391794047
24,6,0.1,demean,1.0,6,T1_liquid,1243,19.050683829444893,0.012979202932603604,-0.765946799783157,0.18044628507229502,-10.651158029536846,0.006586289405138768,-0.38876726807809486,0.937550078418944,10.831604314609143,-0.039418897160343816,-0.8726804998980078,0.5068382944489139
24,6,0.1,demean,1.0,6,T2_mid,1243,18.98793242156074,2.812578377684969,1.3088222928960398,34.30817245237394,15.965449088984853,1.2522482945116487,0.5827388917479471,1.0495852386640803,18.34272336338909,-0.09091768224726068,-0.6080125045929434,0.581657280772325
24,6,0.1,demean,1.0,6,T3_illiquid,1243,18.942880128720837,3.829791890714279,0.8460683611580188,42.2305575348691,9.324754300827733,1.5414153500227221,0.34035353198021223,1.1144135586412336,32.905803234041365,-0.09978141568264856,-0.5822619632048571,0.5390185036202735
24,6,0.1,none,1.0,6,T1_liquid,1243,19.050683829444893,0.012979202932603604,-0.765946799783157,0.18044628507229502,-10.651158029536846,0.006586289405138768,-0.38876726807809486,0.937550078418944,10.831604314609143,-0.039418897160343816,-0.8726804998980078,0.5068382944489139
24,6,0.1,none,1.0,6,T2_mid,1243,18.98793242156074,2.812578377684969,1.3088222928960398,34.30817245237394,15.965449088984853,1.2522482945116487,0.5827388917479471,1.0495852386640803,18.34272336338909,-0.09091768224726068,-0.6080125045929434,0.581657280772325
24,6,0.1,none,1.0,6,T3_illiquid,1243,18.942880128720837,3.829791890714279,0.8460683611580188,42.2305575348691,9.324754300827733,1.5414153500227221,0.34035353198021223,1.1144135586412336,32.905803234041365,-0.09978141568264856,-0.5822619632048571,0.5390185036202735
24,6,0.2,demean,1.0,6,T1_liquid,1243,39.17135961383749,-0.2548053904522958,-1.3056489002544587,-2.2656352548954675,-11.609172347530745,-0.08269568680368457,-0.4237347906848722,0.8068448313126352,9.343537092635273,-0.039418897160343816,-0.8242299085098703,0.48028962188254226
24,6,0.2,demean,1.0,6,T2_mid,1243,39.02654867256637,3.205621799082922,1.17549202310107,24.9776852162615,9.158395391283921,0.9116855103935447,0.33428143178186315,0.8998217034372518,15.819289824977574,-0.09091768224726068,-0.4645855406806255,0.5687851971037812
24,6,0.2,demean,1.0,6,T3_illiquid,1243,38.921962992759454,4.187160524671168,0.5147295169238109,31.73395458770553,3.893763558883034,1.158289342451252,0.14212236989923074,0.9404929611921351,27.8401910288225,-0.09978141568264856,-0.5662072775628993,0.5229283990345938
24,6,0.2,none,1.0,6,T1_liquid,1243,39.17135961383749,-0.2548053904522958,-1.3056489002544587,-2.2656352548954675,-11.609172347530745,-0.08269568680368457,-0.4237347906848722,0.8068448313126352,9.343537092635273,-0.039418897160343816,-0.8242299085098703,0.48028962188254226
24,6,0.2,none,1.0,6,T2_mid,1243,39.02654867256637,3.205621799082922,1.17549202310107,24.9776852162615,9.158395391283921,0.9116855103935447,0.33428143178186315,0.8998217034372518,15.819289824977574,-0.09091768224726068,-0.4645855406806255,0.5687851971037812
24,6,0.2,none,1.0,6,T3_illiquid,1243,38.921962992759454,4.187160524671168,0.5147295169238109,31.73395458770553,3.893763558883034,1.158289342451252,0.14212236989923074,0.9404929611921351,27.8401910288225,-0.09978141568264856,-0.5662072775628993,0.5229283990345938
24,6,0.3,demean,1.0,6,T1_liquid,1243,59.05872888173773,-0.29495243385373604,-1.4922907949865967,-2.007263723864714,-10.15557826713644,-0.07326512592106206,-0.37067860675048003,0.7020164874768161,8.148314543271725,-0.039418897160343816,-0.7691098791743329,0.4754625905068383
24,6,0.3,demean,1.0,6,T2_mid,1243,58.72405470635559,2.8771903963221224,0.6461724282671659,17.811742741607087,4.0006156072153205,0.6501286100686587,0.1460224696633592,0.7821757202070481,13.811127134391768,-0.09091768224726068,-0.38758205930754186,0.5390185036202735
24,6,0.3,demean,1.0,6,T3_illiquid,1243,58.511665325824616,4.405328559250293,0.4623605366228308,26.996817873314516,2.837371321814458,0.9853838523759798,0.10356405324622772,0.8155489515463913,24.159446551500057,-0.09978141568264856,-0.4923333499883754,0.501206757843926
24,6,0.3,none,1.0,6,T1_liquid,1243,59.05872888173773,-0.29495243385373604,-1.4922907949865967,-2.007263723864714,-10.15557826713644,-0.07326512592106206,-0.37067860675048003,0.7020164874768161,8.148314543271725,-0.039418897160343816,-0.7691098791743329,0.4754625905068383
24,6,0.3,none,1.0,6,T2_mid,1243,58.72405470635559,2.8771903963221224,0.6461724282671659,17.811742741607087,4.0006156072153205,0.6501286100686587,0.1460224696633592,0.7821757202070481,13.811127134391768,-0.09091768224726068,-0.38758205930754186,0.5390185036202735
24,6,0.3,none,1.0,6,T3_illiquid,1243,58.511665325824616,4.405328559250293,0.4623605366228308,26.996817873314516,2.837371321814458,0.9853838523759798,0.10356405324622772,0.8155489515463913,24.159446551500057,-0.09978141568264856,-0.4923333499883754,0.501206757843926
24,12,0.1,demean,1.0,12,T1_liquid,622,19.04823151125402,-0.6842450247325366,-1.2663057575205587,-17.363376997366274,-32.138079726309364,-0.3168816302019345,-0.5865199550051459,1.2776828343146671,14.774702728943083,-0.03419351351181528,-0.9182513374370413,0.4871382636655949
24,12,0.1,demean,1.0,12,T2_mid,622,18.990353697749196,1.263504805075356,0.22933033890143745,29.89553520950494,5.427291086487906,0.5455935175734652,0.0990480623284043,1.4002474213889005,24.468244123017033,-0.08635053864326567,-0.6655999215303896,0.5643086816720257
24,12,0.1,demean,1.0,12,T3_illiquid,622,18.94855305466238,2.740042593652983,0.7477090937414208,58.11055162170479,15.85012557378878,1.0605175670961124,0.28926479172164526,1.4366038659447018,42.260426047916,-0.08992880033492219,-0.517023120073478,0.5353697749196141
24,12,0.1,none,1.0,12,T1_liquid,622,19.04823151125402,-0.6842450247325366,-1.2663057575205587,-17.363376997366274,-32.138079726309364,-0.3168816302019345,-0.5865199550051459,1.2776828343146671,14.774702728943083,-0.03419351351181528,-0.9182513374370413,0.4871382636655949
24,12,0.1,none,1.0,12,T2_mid,622,18.990353697749196,1.263504805075356,0.22933033890143745,29.89553520950494,5.427291086487906,0.5455935175734652,0.0990480623284043,1.4002474213889005,24.468244123017033,-0.08635053864326567,-0.6655999215303896,0.5643086816720257
24,12,0.1,none,1.0,12,T3_illiquid,622,18.94855305466238,2.740042593652983,0.7477090937414208,58.11055162170479,15.85012557378878,1.0605175670961124,0.28926479172164526,1.4366038659447018,42.260426047916,-0.08992880033492219,-0.517023120073478,0.5353697749196141
24,12,0.2,demean,1.0,12,T1_liquid,622,39.167202572347264,-0.8041340349448368,-1.5784900913103586,-13.514214350048388,-26.541896072808196,-0.2466344118883831,-0.4843896033287496,1.1232404184087346,13.027681722759807,-0.03419351351181528,-0.8475403367732798,0.4630225080385852
24,12,0.2,demean,1.0,12,T2_mid,622,39.032154340836016,1.6610947643917142,0.29620708183498745,26.369954324435167,4.70453002163194,0.4812516664209418,0.0858576728947829,1.2298044278039904,21.665424302803228,-0.08635053864326567,-0.5071297402804564,0.5385852090032154
24,12,0.2,demean,1.0,12,T3_illiquid,622,38.91961414790997,2.4693344850967054,0.20868588454401288,40.385260050149405,3.413232954946225,0.7370309959152266,0.06229150142776861,1.2529712476442776,36.97202709520317,-0.08992880033492219,-0.4940123133401624,0.5128617363344051
24,12,0.2,none,1.0,12,T1_liquid,622,39.167202572347264,-0.8041340349448368,-1.5784900913103586,-13.514214350048388,-26.541896072808196,-0.2466344118883831,-0.4843896033287496,1.1232404184087346,13.027681722759807,-0.03419351351181528,-0.8475403367732798,0.4630225080385852
24,12,0.2,none,1.0,12,T2_mid,622,39.032154340836016,1.6610947643917142,0.29620708183498745,26.369954324435167,4.70453002163194,0.4812516664209418,0.0858576728947829,1.2298044278039904,21.665424302803228,-0.08635053864326567,-0.5071297402804564,0.5385852090032154
24,12,0.2,none,1.0,12,T3_illiquid,622,38.91961414790997,2.4693344850967054,0.20868588454401288,40.385260050149405,3.413232954946225,0.7370309959152266,0.06229150142776861,1.2529712476442776,36.97202709520317,-0.08992880033492219,-0.4940123133401624,0.5128617363344051
24,12,0.3,demean,1.0,12,T1_liquid,622,59.054662379421224,-0.9351328750330784,-1.8456044846946662,-11.864398633272813,-23.426435193089052,-0.21652527505722882,-0.42753244227387516,0.9942336135047459,11.562036559816239,-0.03419351351181528,-0.7972523925342138,0.4405144694533762
24,12,0.3,demean,1.0,12,T2_mid,622,58.72347266881029,1.906149358046372,0.26665473127286515,22.472404393164997,3.1466776449036487,0.4101213801752612,0.05742686701949159,1.0912978616555675,19.32572674826135,-0.08635053864326567,-0.34542430378065003,0.522508038585209
24,12,0.3,demean,1.0,12,T3_illiquid,622,58.51768488745981,2.924346341364983,0.36161799913161585,37.096172214351135,4.593873734977654,0.6770051429119083,0.08383819566334218,1.1008674443605535,32.50229847937348,-0.08992880033492219,-0.41769682673024133,0.5080385852090032
24,12,0.3,none,1.0,12,T1_liquid,622,59.054662379421224,-0.9351328750330784,-1.8456044846946662,-11.864398633272813,-23.426435193089052,-0.21652527505722882,-0.42753244227387516,0.9942336135047459,11.562036559816239,-0.03419351351181528,-0.7972523925342138,0.4405144694533762
24,12,0.3,none,1.0,12,T2_mid,622,58.72347266881029,1.906149358046372,0.26665473127286515,22.472404393164997,3.1466776449036487,0.4101213801752612,0.05742686701949159,1.0912978616555675,19.32572674826135,-0.08635053864326567,-0.34542430378065003,0.522508038585209
24,12,0.3,none,1.0,12,T3_illiquid,622,58.51768488745981,2.924346341364983,0.36161799913161585,37.096172214351135,4.593873734977654,0.6770051429119083,0.08383819566334218,1.1008674443605535,32.50229847937348,-0.08992880033492219,-0.41769682673024133,0.5080385852090032
24,24,0.1,demean,1.0,24,T1_liquid,311,19.05466237942122,-0.3814810285936678,-0.7739145242660335,-19.303919619837288,-39.16080937174313,-0.17614826653101523,-0.357342385517156,1.7128884156215347,19.856889751905836,-0.03536658438798585,-0.8287413439767639,0.4790996784565916
24,24,0.1,demean,1.0,24,T2_mid,311,18.9967845659164,0.49659571564740557,-0.20303757824256963,22.38971204522426,-9.158469297370278,0.20430612241267138,-0.08357103233850378,1.8049335801747377,31.54818134259452,-0.07561322621414604,-0.6064376601754906,0.49517684887459806
24,24,0.1,demean,1.0,24,T3_illiquid,311,18.964630225080384,1.0897478188172525,-0.26807068120050015,42.60483964327882,-10.475660233764478,0.38876916174491927,-0.09559039963310086,1.8140041898080483,53.08049987704329,-0.07955661521869974,-0.5815134866588134,0.5144694533762058
24,24,0.1,none,1.0,24,T1_liquid,311,19.05466237942122,-0.3814810285936678,-0.7739145242660335,-19.303919619837288,-39.16080937174313,-0.17614826653101523,-0.357342385517156,1.7128884156215347,19.856889751905836,-0.03536658438798585,-0.8287413439767639,0.4790996784565916
24,24,0.1,none,1.0,24,T2_mid,311,18.9967845659164,0.49659571564740557,-0.20303757824256963,22.38971204522426,-9.158469297370278,0.20430612241267138,-0.08357103233850378,1.8049335801747377,31.54818134259452,-0.07561322621414604,-0.6064376601754906,0.49517684887459806
24,24,0.1,none,1.0,24,T3_illiquid,311,18.964630225080384,1.0897478188172525,-0.26807068120050015,42.60483964327882,-10.475660233764478,0.38876916174491927,-0.09559039963310086,1.8140041898080483,53.08049987704329,-0.07955661521869974,-0.5815134866588134,0.5144694533762058
24,24,0.2,demean,1.0,24,T1_liquid,311,39.18327974276527,-0.4297643901127594,-0.9813732941528597,-14.152522865595625,-32.323313954287244,-0.12914177114856007,-0.2949502398328711,1.5630725586031278,18.17079108869162,-0.03536658438798585,-0.6611777294550443,0.45980707395498394
24,24,0.2,demean,1.0,24,T2_mid,311,39.035369774919616,0.5477625759181421,-0.34441358109355497,18.050284996756826,-11.350852108495902,0.16470885059540605,-0.1035765254900251,1.6659968800970995,29.401137105252726,-0.07561322621414604,-0.5572878146706988,0.5016077170418006
24,24,0.2,demean,1.0,24,T3_illiquid,311,38.945337620578776,1.7441590292914173,0.1932312799148304,55.51003730218292,6.151831015117634,0.5065290903824192,0.056135458012948405,1.6795009957345124,49.3582062870653,-0.07955661521869974,-0.4518268046935586,0.5016077170418006
24,24,0.2,none,1.0,24,T1_liquid,311,39.18327974276527,-0.4297643901127594,-0.9813732941528597,-14.152522865595625,-32.323313954287244,-0.12914177114856007,-0.2949502398328711,1.5630725586031278,18.17079108869162,-0.03536658438798585,-0.6611777294550443,0.45980707395498394
24,24,0.2,none,1.0,24,T2_mid,311,39.035369774919616,0.5477625759181421,-0.34441358109355497,18.050284996756826,-11.350852108495902,0.16470885059540605,-0.1035765254900251,1.6659968800970995,29.401137105252726,-0.07561322621414604,-0.5572878146706988,0.5016077170418006
24,24,0.2,none,1.0,24,T3_illiquid,311,38.945337620578776,1.7441590292914173,0.1932312799148304,55.51003730218292,6.151831015117634,0.5065290903824192,0.056135458012948405,1.6795009957345124,49.3582062870653,-0.07955661521869974,-0.4518268046935586,0.5016077170418006
24,24,0.3,demean,1.0,24,T1_liquid,311,59.067524115755624,-0.3009266645380269,-0.9425133314422778,-7.791002105266075,-24.42003146475169,-0.07109289421055293,-0.2228327871158592,1.4262107404942217,16.62902935948562,-0.03536658438798585,-0.5429621275062761,0.4758842443729904
24,24,0.3,demean,1.0,24,T2_mid,311,58.752411575562704,0.7510135717866644,-0.3455291402142412,18.496860164662824,-8.511760224447245,0.16878384900254825,-0.07766981204808111,1.5215492771139738,27.008620389110064,-0.07561322621414604,-0.40867436405084356,0.4630225080385852
24,24,0.3,demean,1.0,24,T3_illiquid,311,58.559485530546624,1.8145240035213326,-0.08797531115820863,42.709963726356,-2.0718977060446937,0.38972841900299854,-0.01890606656765783,1.5227801856382168,44.7818614324007,-0.07955661521869974,-0.4290148991485745,0.4758842443729904
24,24,0.3,none,1.0,24,T1_liquid,311,59.067524115755624,-0.3009266645380269,-0.9425133314422778,-7.791002105266075,-24.42003146475169,-0.07109289421055293,-0.2228327871158592,1.4262107404942217,16.62902935948562,-0.03536658438798585,-0.5429621275062761,0.4758842443729904
24,24,0.3,none,1.0,24,T2_mid,311,58.752411575562704,0.7510135717866644,-0.3455291402142412,18.496860164662824,-8.511760224447245,0.16878384900254825,-0.07766981204808111,1.5215492771139738,27.008620389110064,-0.07561322621414604,-0.40867436405084356,0.4630225080385852
24,24,0.3,none,1.0,24,T3_illiquid,311,58.559485530546624,1.8145240035213326,-0.08797531115820863,42.709963726356,-2.0718977060446937,0.38972841900299854,-0.01890606656765783,1.5227801856382168,44.7818614324007,-0.07955661521869974,-0.4290148991485745,0.4758842443729904
